[debug] [2026-07-14T17:54:07.094Z] ----------------------------------------------------------------------
[debug] [2026-07-14T17:54:07.096Z] Command:       C:\Program Files\nodejs\node.exe C:\Users\bafar\AppData\Roaming\npm\node_modules\firebase-tools\lib\bin\firebase.js deploy --only firestore:rules functions
[debug] [2026-07-14T17:54:07.097Z] CLI Version:   15.23.0
[debug] [2026-07-14T17:54:07.097Z] Platform:      win32
[debug] [2026-07-14T17:54:07.097Z] Node Version:  v24.15.0
[debug] [2026-07-14T17:54:07.097Z] Detected Agent: unknown
[debug] [2026-07-14T17:54:07.097Z] Time:          Tue Jul 14 2026 10:54:07 GMT-0700 (hora estándar del Pacífico de México)
[debug] [2026-07-14T17:54:07.097Z] ----------------------------------------------------------------------
[debug] 
[debug] [2026-07-14T17:54:11.569Z] > command requires scopes: ["email","openid","https://www.googleapis.com/auth/cloudplatformprojects.readonly","https://www.googleapis.com/auth/firebase","https://www.googleapis.com/auth/cloud-platform"]
[debug] [2026-07-14T17:54:11.570Z] > authorizing via signed-in user (orbiscorp.shop@gmail.com)
[debug] [2026-07-14T17:54:11.570Z] [iam] checking project pruebas-80a12 for permissions ["cloudfunctions.functions.create","cloudfunctions.functions.delete","cloudfunctions.functions.get","cloudfunctions.functions.list","cloudfunctions.functions.update","cloudfunctions.operations.get","datastore.indexes.create","datastore.indexes.delete","datastore.indexes.list","datastore.indexes.update","firebase.projects.get"]
[debug] [2026-07-14T17:54:11.593Z] Checked if tokens are valid: true, expires at: 1784054156915
[debug] [2026-07-14T17:54:11.594Z] Checked if tokens are valid: true, expires at: 1784054156915
[debug] [2026-07-14T17:54:11.595Z] >>> [apiv2][query] POST https://cloudresourcemanager.googleapis.com/v1/projects/pruebas-80a12:testIamPermissions [none]
[debug] [2026-07-14T17:54:11.595Z] >>> [apiv2][(partial)header] POST https://cloudresourcemanager.googleapis.com/v1/projects/pruebas-80a12:testIamPermissions  x-goog-user-project=pruebas-80a12
[debug] [2026-07-14T17:54:11.595Z] >>> [apiv2][body] POST https://cloudresourcemanager.googleapis.com/v1/projects/pruebas-80a12:testIamPermissions {"permissions":["cloudfunctions.functions.create","cloudfunctions.functions.delete","cloudfunctions.functions.get","cloudfunctions.functions.list","cloudfunctions.functions.update","cloudfunctions.operations.get","datastore.indexes.create","datastore.indexes.delete","datastore.indexes.list","datastore.indexes.update","firebase.projects.get"]}
[debug] [2026-07-14T17:54:11.971Z] <<< [apiv2][status] POST https://cloudresourcemanager.googleapis.com/v1/projects/pruebas-80a12:testIamPermissions 200
[debug] [2026-07-14T17:54:11.972Z] <<< [apiv2][body] POST https://cloudresourcemanager.googleapis.com/v1/projects/pruebas-80a12:testIamPermissions {"permissions":["cloudfunctions.functions.create","cloudfunctions.functions.delete","cloudfunctions.functions.get","cloudfunctions.functions.list","cloudfunctions.functions.update","cloudfunctions.operations.get","datastore.indexes.create","datastore.indexes.delete","datastore.indexes.list","datastore.indexes.update","firebase.projects.get"]}
[debug] [2026-07-14T17:54:11.973Z] Checked if tokens are valid: true, expires at: 1784054156915
[debug] [2026-07-14T17:54:11.974Z] Checked if tokens are valid: true, expires at: 1784054156915
[debug] [2026-07-14T17:54:11.975Z] >>> [apiv2][query] POST https://iam.googleapis.com/v1/projects/pruebas-80a12/serviceAccounts/pruebas-80a12@appspot.gserviceaccount.com:testIamPermissions [none]
[debug] [2026-07-14T17:54:11.975Z] >>> [apiv2][body] POST https://iam.googleapis.com/v1/projects/pruebas-80a12/serviceAccounts/pruebas-80a12@appspot.gserviceaccount.com:testIamPermissions {"permissions":["iam.serviceAccounts.actAs"]}
[debug] [2026-07-14T17:54:12.341Z] <<< [apiv2][status] POST https://iam.googleapis.com/v1/projects/pruebas-80a12/serviceAccounts/pruebas-80a12@appspot.gserviceaccount.com:testIamPermissions 200
[debug] [2026-07-14T17:54:12.342Z] <<< [apiv2][body] POST https://iam.googleapis.com/v1/projects/pruebas-80a12/serviceAccounts/pruebas-80a12@appspot.gserviceaccount.com:testIamPermissions {"permissions":["iam.serviceAccounts.actAs"]}
[info] 
[info] === Deploying to 'pruebas-80a12'...
[info] 
[info] i  deploying firestore, functions 
[info] i  firestore: ensuring required API firestore.googleapis.com is enabled... 
[info] i  firestore: ensuring required API firestore.googleapis.com is enabled... 
[debug] [2026-07-14T17:54:12.349Z] Checked if tokens are valid: true, expires at: 1784054156915
[debug] [2026-07-14T17:54:12.349Z] Checked if tokens are valid: true, expires at: 1784054156915
[debug] [2026-07-14T17:54:12.349Z] >>> [apiv2][query] GET https://firestore.googleapis.com/v1/projects/pruebas-80a12/databases/(default) [none]
[debug] [2026-07-14T17:54:12.566Z] <<< [apiv2][status] GET https://firestore.googleapis.com/v1/projects/pruebas-80a12/databases/(default) 200
[debug] [2026-07-14T17:54:12.566Z] <<< [apiv2][body] GET https://firestore.googleapis.com/v1/projects/pruebas-80a12/databases/(default) {"name":"projects/pruebas-80a12/databases/(default)","uid":"4de717dd-9e72-4e75-9659-51f92894899a","createTime":"2026-07-14T16:25:35.857680Z","updateTime":"2026-07-14T16:25:35.857680Z","locationId":"northamerica-south1","type":"FIRESTORE_NATIVE","concurrencyMode":"PESSIMISTIC","versionRetentionPeriod":"3600s","earliestVersionTime":"2026-07-14T16:54:12.689226Z","appEngineIntegrationMode":"DISABLED","pointInTimeRecoveryEnablement":"POINT_IN_TIME_RECOVERY_DISABLED","deleteProtectionState":"DELETE_PROTECTION_DISABLED","databaseEdition":"STANDARD","freeTier":true,"realtimeUpdatesMode":"REALTIME_UPDATES_MODE_ENABLED","etag":"INr2k6je0pUDMMSf66na0pUD"}
[info] i  firestore: reading indexes from firestore.indexes.json... 
[info] i  cloud.firestore: checking firestore.rules for compilation errors... 
[debug] [2026-07-14T17:54:12.570Z] Checked if tokens are valid: true, expires at: 1784054156915
[debug] [2026-07-14T17:54:12.570Z] Checked if tokens are valid: true, expires at: 1784054156915
[debug] [2026-07-14T17:54:12.570Z] >>> [apiv2][query] POST https://firebaserules.googleapis.com/v1/projects/pruebas-80a12:test [none]
[debug] [2026-07-14T17:54:12.570Z] >>> [apiv2][body] POST https://firebaserules.googleapis.com/v1/projects/pruebas-80a12:test [omitted]
[debug] [2026-07-14T17:54:12.777Z] <<< [apiv2][status] POST https://firebaserules.googleapis.com/v1/projects/pruebas-80a12:test 200
[debug] [2026-07-14T17:54:12.777Z] <<< [apiv2][body] POST https://firebaserules.googleapis.com/v1/projects/pruebas-80a12:test {}
[info] +  cloud.firestore: rules file firestore.rules compiled successfully 
[debug] [2026-07-14T17:54:12.779Z] Checked if tokens are valid: true, expires at: 1784054156915
[debug] [2026-07-14T17:54:12.779Z] Checked if tokens are valid: true, expires at: 1784054156915
[debug] [2026-07-14T17:54:12.779Z] >>> [apiv2][query] GET https://cloudresourcemanager.googleapis.com/v1/projects/pruebas-80a12 [none]
[debug] [2026-07-14T17:54:12.890Z] <<< [apiv2][status] GET https://cloudresourcemanager.googleapis.com/v1/projects/pruebas-80a12 200
[debug] [2026-07-14T17:54:12.891Z] <<< [apiv2][body] GET https://cloudresourcemanager.googleapis.com/v1/projects/pruebas-80a12 {"projectNumber":"337416174160","projectId":"pruebas-80a12","lifecycleState":"ACTIVE","name":"Pruebas","labels":{"firebase":"enabled","firebase-core":"disabled"},"createTime":"2026-07-14T16:01:56.884Z"}
[info] i  functions: preparing codebase default for deployment 
[info] i  functions: ensuring required API cloudfunctions.googleapis.com is enabled... 
[info] i  functions: ensuring required API cloudbuild.googleapis.com is enabled... 
[debug] [2026-07-14T17:54:12.895Z] Checked if tokens are valid: true, expires at: 1784054156915
[debug] [2026-07-14T17:54:12.895Z] Checked if tokens are valid: true, expires at: 1784054156915
[info] i  artifactregistry: ensuring required API artifactregistry.googleapis.com is enabled... 
[debug] [2026-07-14T17:54:12.896Z] Checked if tokens are valid: true, expires at: 1784054156915
[debug] [2026-07-14T17:54:12.896Z] Checked if tokens are valid: true, expires at: 1784054156915
[debug] [2026-07-14T17:54:12.896Z] >>> [apiv2][query] GET https://serviceusage.googleapis.com/v1/projects/pruebas-80a12/services/cloudbuild.googleapis.com [none]
[debug] [2026-07-14T17:54:12.896Z] >>> [apiv2][(partial)header] GET https://serviceusage.googleapis.com/v1/projects/pruebas-80a12/services/cloudbuild.googleapis.com  x-goog-user-project=pruebas-80a12
[debug] [2026-07-14T17:54:12.898Z] >>> [apiv2][query] GET https://serviceusage.googleapis.com/v1/projects/pruebas-80a12/services/artifactregistry.googleapis.com [none]
[debug] [2026-07-14T17:54:12.898Z] >>> [apiv2][(partial)header] GET https://serviceusage.googleapis.com/v1/projects/pruebas-80a12/services/artifactregistry.googleapis.com  x-goog-user-project=pruebas-80a12
[debug] [2026-07-14T17:54:13.355Z] <<< [apiv2][status] GET https://serviceusage.googleapis.com/v1/projects/pruebas-80a12/services/cloudbuild.googleapis.com 200
[debug] [2026-07-14T17:54:13.355Z] <<< [apiv2][body] GET https://serviceusage.googleapis.com/v1/projects/pruebas-80a12/services/cloudbuild.googleapis.com [omitted]
[warn] !  functions: missing required API cloudbuild.googleapis.com. Enabling now... 
[debug] [2026-07-14T17:54:13.356Z] Checked if tokens are valid: true, expires at: 1784054156915
[debug] [2026-07-14T17:54:13.356Z] Checked if tokens are valid: true, expires at: 1784054156915
[debug] [2026-07-14T17:54:13.356Z] >>> [apiv2][query] POST https://serviceusage.googleapis.com/v1/projects/pruebas-80a12/services/cloudbuild.googleapis.com:enable [none]
[debug] [2026-07-14T17:54:13.356Z] >>> [apiv2][(partial)header] POST https://serviceusage.googleapis.com/v1/projects/pruebas-80a12/services/cloudbuild.googleapis.com:enable  x-goog-user-project=pruebas-80a12
[debug] [2026-07-14T17:54:13.419Z] <<< [apiv2][status] GET https://serviceusage.googleapis.com/v1/projects/pruebas-80a12/services/artifactregistry.googleapis.com 200
[debug] [2026-07-14T17:54:13.419Z] <<< [apiv2][body] GET https://serviceusage.googleapis.com/v1/projects/pruebas-80a12/services/artifactregistry.googleapis.com [omitted]
[warn] !  artifactregistry: missing required API artifactregistry.googleapis.com. Enabling now... 
[debug] [2026-07-14T17:54:13.419Z] Checked if tokens are valid: true, expires at: 1784054156915
[debug] [2026-07-14T17:54:13.419Z] Checked if tokens are valid: true, expires at: 1784054156915
[debug] [2026-07-14T17:54:13.420Z] >>> [apiv2][query] POST https://serviceusage.googleapis.com/v1/projects/pruebas-80a12/services/artifactregistry.googleapis.com:enable [none]
[debug] [2026-07-14T17:54:13.420Z] >>> [apiv2][(partial)header] POST https://serviceusage.googleapis.com/v1/projects/pruebas-80a12/services/artifactregistry.googleapis.com:enable  x-goog-user-project=pruebas-80a12
[debug] [2026-07-14T17:54:13.756Z] <<< [apiv2][status] POST https://serviceusage.googleapis.com/v1/projects/pruebas-80a12/services/cloudbuild.googleapis.com:enable 200
[debug] [2026-07-14T17:54:13.756Z] <<< [apiv2][body] POST https://serviceusage.googleapis.com/v1/projects/pruebas-80a12/services/cloudbuild.googleapis.com:enable [omitted]
[debug] [2026-07-14T17:54:13.944Z] <<< [apiv2][status] POST https://serviceusage.googleapis.com/v1/projects/pruebas-80a12/services/artifactregistry.googleapis.com:enable 200
[debug] [2026-07-14T17:54:13.944Z] <<< [apiv2][body] POST https://serviceusage.googleapis.com/v1/projects/pruebas-80a12/services/artifactregistry.googleapis.com:enable [omitted]
[debug] [2026-07-14T17:54:23.966Z] Checked if tokens are valid: true, expires at: 1784054156915
[debug] [2026-07-14T17:54:23.966Z] Checked if tokens are valid: true, expires at: 1784054156915
[debug] [2026-07-14T17:54:23.967Z] >>> [apiv2][query] GET https://firebase.googleapis.com/v1beta1/projects/pruebas-80a12/adminSdkConfig [none]
[debug] [2026-07-14T17:54:24.220Z] <<< [apiv2][status] GET https://firebase.googleapis.com/v1beta1/projects/pruebas-80a12/adminSdkConfig 200
[debug] [2026-07-14T17:54:24.220Z] <<< [apiv2][body] GET https://firebase.googleapis.com/v1beta1/projects/pruebas-80a12/adminSdkConfig {"projectId":"pruebas-80a12","storageBucket":"pruebas-80a12.firebasestorage.app"}
[debug] [2026-07-14T17:54:24.222Z] Validating nodejs source
[warn] !  functions: Runtime Node.js 20 was deprecated on 2026-04-30 and will be decommissioned on 2026-10-30, after which you will not be able to deploy without upgrading. Consider upgrading now to avoid disruption. See https://cloud.google.com/functions/docs/runtime-support for full details on the lifecycle policy 
[warn] !  functions: package.json indicates an outdated version of firebase-functions. Please upgrade using npm install --save firebase-functions@latest in your functions directory. 
[warn] !  functions: Please note that there will be breaking changes when you upgrade. 
[debug] [2026-07-14T17:54:25.412Z] > [functions] package.json contents: {
  "name": "functions",
  "description": "Cloud Functions para el chatbot de seguros (Gemini + Firestore)",
  "engines": {
    "node": "20"
  },
  "main": "index.js",
  "dependencies": {
    "firebase-admin": "^12.1.0",
    "firebase-functions": "^5.0.0",
    "@google/generative-ai": "^0.21.0"
  },
  "private": true
}
[debug] [2026-07-14T17:54:25.413Z] Building nodejs source
[info] i  functions: Loading and analyzing source code for codebase default to determine what to deploy 
[debug] [2026-07-14T17:54:25.415Z] Could not find functions.yaml. Must use http discovery
[debug] [2026-07-14T17:54:25.433Z] Found firebase-functions binary at 'C:\Users\bafar\GRUPO ZOALUM\OSCAR\functions\node_modules\.bin\firebase-functions'
[info] Serving at port 8626

[debug] [2026-07-14T17:54:26.940Z] Got response from /__/functions.yaml {"endpoints":{"chatSeguros":{"availableMemoryMb":null,"timeoutSeconds":null,"minInstances":null,"maxInstances":null,"ingressSettings":null,"concurrency":null,"serviceAccountEmail":null,"vpc":null,"platform":"gcfv2","secretEnvironmentVariables":[{"key":"GEMINI_API_KEY"}],"labels":{},"callableTrigger":{},"entryPoint":"chatSeguros"}},"specVersion":"v1alpha1","requiredAPIs":[],"extensions":{},"params":[{"type":"secret","name":"GEMINI_API_KEY"}]}
[debug] [2026-07-14T17:54:29.984Z] Checked if tokens are valid: true, expires at: 1784054156915
[debug] [2026-07-14T17:54:29.984Z] Checked if tokens are valid: true, expires at: 1784054156915
[debug] [2026-07-14T17:54:29.984Z] >>> [apiv2][query] GET https://cloudfunctions.googleapis.com/v1/projects/pruebas-80a12/locations/-/functions [none]
[debug] [2026-07-14T17:54:30.534Z] <<< [apiv2][status] GET https://cloudfunctions.googleapis.com/v1/projects/pruebas-80a12/locations/-/functions 200
[debug] [2026-07-14T17:54:30.534Z] <<< [apiv2][body] GET https://cloudfunctions.googleapis.com/v1/projects/pruebas-80a12/locations/-/functions {}
[debug] [2026-07-14T17:54:30.534Z] Checked if tokens are valid: true, expires at: 1784054156915
[debug] [2026-07-14T17:54:30.534Z] Checked if tokens are valid: true, expires at: 1784054156915
[debug] [2026-07-14T17:54:30.534Z] >>> [apiv2][query] GET https://cloudfunctions.googleapis.com/v2/projects/pruebas-80a12/locations/-/functions filter=environment%3D%22GEN_2%22
[debug] [2026-07-14T17:54:30.900Z] <<< [apiv2][status] GET https://cloudfunctions.googleapis.com/v2/projects/pruebas-80a12/locations/-/functions 200
[debug] [2026-07-14T17:54:30.900Z] <<< [apiv2][body] GET https://cloudfunctions.googleapis.com/v2/projects/pruebas-80a12/locations/-/functions {}
[info] i  extensions: ensuring required API firebaseextensions.googleapis.com is enabled... 
[debug] [2026-07-14T17:54:30.902Z] Checked if tokens are valid: true, expires at: 1784054156915
[debug] [2026-07-14T17:54:30.902Z] Checked if tokens are valid: true, expires at: 1784054156915
[debug] [2026-07-14T17:54:30.902Z] >>> [apiv2][query] GET https://serviceusage.googleapis.com/v1/projects/pruebas-80a12/services/firebaseextensions.googleapis.com [none]
[debug] [2026-07-14T17:54:30.902Z] >>> [apiv2][(partial)header] GET https://serviceusage.googleapis.com/v1/projects/pruebas-80a12/services/firebaseextensions.googleapis.com  x-goog-user-project=pruebas-80a12
[debug] [2026-07-14T17:54:31.334Z] <<< [apiv2][status] GET https://serviceusage.googleapis.com/v1/projects/pruebas-80a12/services/firebaseextensions.googleapis.com 200
[debug] [2026-07-14T17:54:31.334Z] <<< [apiv2][body] GET https://serviceusage.googleapis.com/v1/projects/pruebas-80a12/services/firebaseextensions.googleapis.com [omitted]
[warn] !  extensions: missing required API firebaseextensions.googleapis.com. Enabling now... 
[debug] [2026-07-14T17:54:31.335Z] Checked if tokens are valid: true, expires at: 1784054156915
[debug] [2026-07-14T17:54:31.335Z] Checked if tokens are valid: true, expires at: 1784054156915
[debug] [2026-07-14T17:54:31.335Z] >>> [apiv2][query] POST https://serviceusage.googleapis.com/v1/projects/pruebas-80a12/services/firebaseextensions.googleapis.com:enable [none]
[debug] [2026-07-14T17:54:31.335Z] >>> [apiv2][(partial)header] POST https://serviceusage.googleapis.com/v1/projects/pruebas-80a12/services/firebaseextensions.googleapis.com:enable  x-goog-user-project=pruebas-80a12
[debug] [2026-07-14T17:54:31.954Z] <<< [apiv2][status] POST https://serviceusage.googleapis.com/v1/projects/pruebas-80a12/services/firebaseextensions.googleapis.com:enable 200
[debug] [2026-07-14T17:54:31.954Z] <<< [apiv2][body] POST https://serviceusage.googleapis.com/v1/projects/pruebas-80a12/services/firebaseextensions.googleapis.com:enable [omitted]
[debug] [2026-07-14T17:54:41.966Z] > command requires scopes: ["email","openid","https://www.googleapis.com/auth/cloudplatformprojects.readonly","https://www.googleapis.com/auth/firebase","https://www.googleapis.com/auth/cloud-platform"]
[debug] [2026-07-14T17:54:41.966Z] > authorizing via signed-in user (orbiscorp.shop@gmail.com)
[debug] [2026-07-14T17:54:41.966Z] [iam] checking project pruebas-80a12 for permissions ["firebase.projects.get","firebaseextensions.instances.list"]
[debug] [2026-07-14T17:54:41.967Z] Checked if tokens are valid: true, expires at: 1784054156915
[debug] [2026-07-14T17:54:41.967Z] Checked if tokens are valid: true, expires at: 1784054156915
[debug] [2026-07-14T17:54:41.967Z] >>> [apiv2][query] POST https://cloudresourcemanager.googleapis.com/v1/projects/pruebas-80a12:testIamPermissions [none]
[debug] [2026-07-14T17:54:41.967Z] >>> [apiv2][(partial)header] POST https://cloudresourcemanager.googleapis.com/v1/projects/pruebas-80a12:testIamPermissions  x-goog-user-project=pruebas-80a12
[debug] [2026-07-14T17:54:41.967Z] >>> [apiv2][body] POST https://cloudresourcemanager.googleapis.com/v1/projects/pruebas-80a12:testIamPermissions {"permissions":["firebase.projects.get","firebaseextensions.instances.list"]}
[debug] [2026-07-14T17:54:42.289Z] <<< [apiv2][status] POST https://cloudresourcemanager.googleapis.com/v1/projects/pruebas-80a12:testIamPermissions 200
[debug] [2026-07-14T17:54:42.289Z] <<< [apiv2][body] POST https://cloudresourcemanager.googleapis.com/v1/projects/pruebas-80a12:testIamPermissions {"permissions":["firebase.projects.get","firebaseextensions.instances.list"]}
[debug] [2026-07-14T17:54:42.290Z] Checked if tokens are valid: true, expires at: 1784054156915
[debug] [2026-07-14T17:54:42.290Z] Checked if tokens are valid: true, expires at: 1784054156915
[debug] [2026-07-14T17:54:42.290Z] >>> [apiv2][query] GET https://firebaseextensions.googleapis.com/v1beta/projects/pruebas-80a12/instances pageSize=100&pageToken=
[debug] [2026-07-14T17:54:44.027Z] <<< [apiv2][status] GET https://firebaseextensions.googleapis.com/v1beta/projects/pruebas-80a12/instances 200
[debug] [2026-07-14T17:54:44.028Z] <<< [apiv2][body] GET https://firebaseextensions.googleapis.com/v1beta/projects/pruebas-80a12/instances {}
[debug] [2026-07-14T17:54:44.030Z] Checked if tokens are valid: true, expires at: 1784054156915
[debug] [2026-07-14T17:54:44.030Z] Checked if tokens are valid: true, expires at: 1784054156915
[debug] [2026-07-14T17:54:44.030Z] >>> [apiv2][query] GET https://secretmanager.googleapis.com/v1/projects/pruebas-80a12/secrets/GEMINI_API_KEY [none]
[debug] [2026-07-14T17:54:44.358Z] <<< [apiv2][status] GET https://secretmanager.googleapis.com/v1/projects/pruebas-80a12/secrets/GEMINI_API_KEY 200
[debug] [2026-07-14T17:54:44.358Z] <<< [apiv2][body] GET https://secretmanager.googleapis.com/v1/projects/pruebas-80a12/secrets/GEMINI_API_KEY {"name":"projects/337416174160/secrets/GEMINI_API_KEY","replication":{"automatic":{}},"createTime":"2026-07-14T17:51:06.658638Z","labels":{"firebase-managed":"functions"},"etag":"\"165695d9f0ad28\""}
[debug] [2026-07-14T17:54:44.359Z] Checked if tokens are valid: true, expires at: 1784054156915
[debug] [2026-07-14T17:54:44.359Z] Checked if tokens are valid: true, expires at: 1784054156915
[debug] [2026-07-14T17:54:44.359Z] >>> [apiv2][query] GET https://secretmanager.googleapis.com/v1/projects/pruebas-80a12/secrets/GEMINI_API_KEY/versions/latest [none]
[debug] [2026-07-14T17:54:44.472Z] <<< [apiv2][status] GET https://secretmanager.googleapis.com/v1/projects/pruebas-80a12/secrets/GEMINI_API_KEY/versions/latest 200
[debug] [2026-07-14T17:54:44.472Z] <<< [apiv2][body] GET https://secretmanager.googleapis.com/v1/projects/pruebas-80a12/secrets/GEMINI_API_KEY/versions/latest {"name":"projects/337416174160/secrets/GEMINI_API_KEY/versions/2","createTime":"2026-07-14T17:53:38.236116Z","state":"ENABLED","replicationStatus":{"automatic":{}},"etag":"\"165695e2f746d4\""}
[info] i  functions: preparing functions directory for uploading... 
[info] i  functions: packaged C:\Users\bafar\GRUPO ZOALUM\OSCAR\functions (34.9 KB) for uploading 
[info] i  functions: ensuring required API run.googleapis.com is enabled... 
[debug] [2026-07-14T17:54:44.539Z] Checked if tokens are valid: true, expires at: 1784054156915
[debug] [2026-07-14T17:54:44.539Z] Checked if tokens are valid: true, expires at: 1784054156915
[info] i  functions: ensuring required API eventarc.googleapis.com is enabled... 
[debug] [2026-07-14T17:54:44.542Z] Checked if tokens are valid: true, expires at: 1784054156915
[debug] [2026-07-14T17:54:44.542Z] Checked if tokens are valid: true, expires at: 1784054156915
[info] i  functions: ensuring required API pubsub.googleapis.com is enabled... 
[debug] [2026-07-14T17:54:44.543Z] Checked if tokens are valid: true, expires at: 1784054156915
[debug] [2026-07-14T17:54:44.544Z] Checked if tokens are valid: true, expires at: 1784054156915
[info] i  functions: ensuring required API storage.googleapis.com is enabled... 
[debug] [2026-07-14T17:54:44.544Z] Checked if tokens are valid: true, expires at: 1784054156915
[debug] [2026-07-14T17:54:44.544Z] Checked if tokens are valid: true, expires at: 1784054156915
[debug] [2026-07-14T17:54:44.544Z] >>> [apiv2][query] GET https://serviceusage.googleapis.com/v1/projects/337416174160/services/run.googleapis.com [none]
[debug] [2026-07-14T17:54:44.544Z] >>> [apiv2][(partial)header] GET https://serviceusage.googleapis.com/v1/projects/337416174160/services/run.googleapis.com  x-goog-user-project=337416174160
[debug] [2026-07-14T17:54:44.547Z] >>> [apiv2][query] GET https://serviceusage.googleapis.com/v1/projects/337416174160/services/eventarc.googleapis.com [none]
[debug] [2026-07-14T17:54:44.548Z] >>> [apiv2][(partial)header] GET https://serviceusage.googleapis.com/v1/projects/337416174160/services/eventarc.googleapis.com  x-goog-user-project=337416174160
[debug] [2026-07-14T17:54:44.549Z] >>> [apiv2][query] GET https://serviceusage.googleapis.com/v1/projects/337416174160/services/pubsub.googleapis.com [none]
[debug] [2026-07-14T17:54:44.550Z] >>> [apiv2][(partial)header] GET https://serviceusage.googleapis.com/v1/projects/337416174160/services/pubsub.googleapis.com  x-goog-user-project=337416174160
[debug] [2026-07-14T17:54:44.552Z] >>> [apiv2][query] GET https://serviceusage.googleapis.com/v1/projects/337416174160/services/storage.googleapis.com [none]
[debug] [2026-07-14T17:54:44.552Z] >>> [apiv2][(partial)header] GET https://serviceusage.googleapis.com/v1/projects/337416174160/services/storage.googleapis.com  x-goog-user-project=337416174160
[debug] [2026-07-14T17:54:44.980Z] <<< [apiv2][status] GET https://serviceusage.googleapis.com/v1/projects/337416174160/services/eventarc.googleapis.com 200
[debug] [2026-07-14T17:54:44.980Z] <<< [apiv2][body] GET https://serviceusage.googleapis.com/v1/projects/337416174160/services/eventarc.googleapis.com [omitted]
[warn] !  functions: missing required API eventarc.googleapis.com. Enabling now... 
[debug] [2026-07-14T17:54:44.981Z] Checked if tokens are valid: true, expires at: 1784054156915
[debug] [2026-07-14T17:54:44.981Z] Checked if tokens are valid: true, expires at: 1784054156915
[debug] [2026-07-14T17:54:44.981Z] >>> [apiv2][query] POST https://serviceusage.googleapis.com/v1/projects/337416174160/services/eventarc.googleapis.com:enable [none]
[debug] [2026-07-14T17:54:44.981Z] >>> [apiv2][(partial)header] POST https://serviceusage.googleapis.com/v1/projects/337416174160/services/eventarc.googleapis.com:enable  x-goog-user-project=337416174160
[debug] [2026-07-14T17:54:44.987Z] <<< [apiv2][status] GET https://serviceusage.googleapis.com/v1/projects/337416174160/services/pubsub.googleapis.com 200
[debug] [2026-07-14T17:54:44.988Z] <<< [apiv2][body] GET https://serviceusage.googleapis.com/v1/projects/337416174160/services/pubsub.googleapis.com [omitted]
[info] +  functions: required API pubsub.googleapis.com is enabled 
[debug] [2026-07-14T17:54:44.997Z] <<< [apiv2][status] GET https://serviceusage.googleapis.com/v1/projects/337416174160/services/run.googleapis.com 200
[debug] [2026-07-14T17:54:44.997Z] <<< [apiv2][body] GET https://serviceusage.googleapis.com/v1/projects/337416174160/services/run.googleapis.com [omitted]
[warn] !  functions: missing required API run.googleapis.com. Enabling now... 
[debug] [2026-07-14T17:54:44.998Z] Checked if tokens are valid: true, expires at: 1784054156915
[debug] [2026-07-14T17:54:44.999Z] Checked if tokens are valid: true, expires at: 1784054156915
[debug] [2026-07-14T17:54:44.999Z] >>> [apiv2][query] POST https://serviceusage.googleapis.com/v1/projects/337416174160/services/run.googleapis.com:enable [none]
[debug] [2026-07-14T17:54:44.999Z] >>> [apiv2][(partial)header] POST https://serviceusage.googleapis.com/v1/projects/337416174160/services/run.googleapis.com:enable  x-goog-user-project=337416174160
[debug] [2026-07-14T17:54:45.001Z] <<< [apiv2][status] GET https://serviceusage.googleapis.com/v1/projects/337416174160/services/storage.googleapis.com 200
[debug] [2026-07-14T17:54:45.001Z] <<< [apiv2][body] GET https://serviceusage.googleapis.com/v1/projects/337416174160/services/storage.googleapis.com [omitted]
[info] +  functions: required API storage.googleapis.com is enabled 
[debug] [2026-07-14T17:54:45.434Z] <<< [apiv2][status] POST https://serviceusage.googleapis.com/v1/projects/337416174160/services/eventarc.googleapis.com:enable 200
[debug] [2026-07-14T17:54:45.434Z] <<< [apiv2][body] POST https://serviceusage.googleapis.com/v1/projects/337416174160/services/eventarc.googleapis.com:enable [omitted]
[debug] [2026-07-14T17:54:45.572Z] <<< [apiv2][status] POST https://serviceusage.googleapis.com/v1/projects/337416174160/services/run.googleapis.com:enable 200
[debug] [2026-07-14T17:54:45.573Z] <<< [apiv2][body] POST https://serviceusage.googleapis.com/v1/projects/337416174160/services/run.googleapis.com:enable [omitted]
[info] i  functions: generating the service identity for pubsub.googleapis.com... 
[debug] [2026-07-14T17:54:55.594Z] Checked if tokens are valid: true, expires at: 1784054156915
[debug] [2026-07-14T17:54:55.594Z] Checked if tokens are valid: true, expires at: 1784054156915
[info] i  functions: generating the service identity for eventarc.googleapis.com... 
[debug] [2026-07-14T17:54:55.595Z] Checked if tokens are valid: true, expires at: 1784054156915
[debug] [2026-07-14T17:54:55.595Z] Checked if tokens are valid: true, expires at: 1784054156915
[debug] [2026-07-14T17:54:55.595Z] >>> [apiv2][query] POST https://serviceusage.googleapis.com/v1beta1/projects/337416174160/services/pubsub.googleapis.com:generateServiceIdentity [none]
[debug] [2026-07-14T17:54:55.595Z] >>> [apiv2][(partial)header] POST https://serviceusage.googleapis.com/v1beta1/projects/337416174160/services/pubsub.googleapis.com:generateServiceIdentity  x-goog-user-project=337416174160
[debug] [2026-07-14T17:54:55.595Z] >>> [apiv2][body] POST https://serviceusage.googleapis.com/v1beta1/projects/337416174160/services/pubsub.googleapis.com:generateServiceIdentity {}
[debug] [2026-07-14T17:54:55.596Z] >>> [apiv2][query] POST https://serviceusage.googleapis.com/v1beta1/projects/337416174160/services/eventarc.googleapis.com:generateServiceIdentity [none]
[debug] [2026-07-14T17:54:55.596Z] >>> [apiv2][(partial)header] POST https://serviceusage.googleapis.com/v1beta1/projects/337416174160/services/eventarc.googleapis.com:generateServiceIdentity  x-goog-user-project=337416174160
[debug] [2026-07-14T17:54:55.596Z] >>> [apiv2][body] POST https://serviceusage.googleapis.com/v1beta1/projects/337416174160/services/eventarc.googleapis.com:generateServiceIdentity {}
[debug] [2026-07-14T17:54:56.259Z] <<< [apiv2][status] POST https://serviceusage.googleapis.com/v1beta1/projects/337416174160/services/eventarc.googleapis.com:generateServiceIdentity 200
[debug] [2026-07-14T17:54:56.259Z] <<< [apiv2][body] POST https://serviceusage.googleapis.com/v1beta1/projects/337416174160/services/eventarc.googleapis.com:generateServiceIdentity {"name":"operations/finished.DONE_OPERATION","done":true,"response":{"@type":"type.googleapis.com/google.api.serviceusage.v1beta1.ServiceIdentity","email":"service-337416174160@gcp-sa-eventarc.iam.gserviceaccount.com","uniqueId":"113504325795447476428"}}
[debug] [2026-07-14T17:54:56.269Z] <<< [apiv2][status] POST https://serviceusage.googleapis.com/v1beta1/projects/337416174160/services/pubsub.googleapis.com:generateServiceIdentity 200
[debug] [2026-07-14T17:54:56.269Z] <<< [apiv2][body] POST https://serviceusage.googleapis.com/v1beta1/projects/337416174160/services/pubsub.googleapis.com:generateServiceIdentity {"name":"operations/finished.DONE_OPERATION","done":true,"response":{"@type":"type.googleapis.com/google.api.serviceusage.v1beta1.ServiceIdentity","email":"service-337416174160@gcp-sa-pubsub.iam.gserviceaccount.com","uniqueId":"114598901220796607905"}}
[info] i  functions: ensuring required API secretmanager.googleapis.com is enabled... 
[debug] [2026-07-14T17:54:56.271Z] Checked if tokens are valid: true, expires at: 1784054156915
[debug] [2026-07-14T17:54:56.271Z] Checked if tokens are valid: true, expires at: 1784054156915
[debug] [2026-07-14T17:54:56.271Z] >>> [apiv2][query] GET https://serviceusage.googleapis.com/v1/projects/337416174160/services/secretmanager.googleapis.com [none]
[debug] [2026-07-14T17:54:56.271Z] >>> [apiv2][(partial)header] GET https://serviceusage.googleapis.com/v1/projects/337416174160/services/secretmanager.googleapis.com  x-goog-user-project=337416174160
[debug] [2026-07-14T17:54:56.612Z] <<< [apiv2][status] GET https://serviceusage.googleapis.com/v1/projects/337416174160/services/secretmanager.googleapis.com 200
[debug] [2026-07-14T17:54:56.613Z] <<< [apiv2][body] GET https://serviceusage.googleapis.com/v1/projects/337416174160/services/secretmanager.googleapis.com [omitted]
[info] +  functions: required API secretmanager.googleapis.com is enabled 
[debug] [2026-07-14T17:54:56.622Z] Checked if tokens are valid: true, expires at: 1784054156915
[debug] [2026-07-14T17:54:56.622Z] Checked if tokens are valid: true, expires at: 1784054156915
[debug] [2026-07-14T17:54:56.623Z] >>> [apiv2][query] GET https://secretmanager.googleapis.com/v1/projects/pruebas-80a12/secrets/GEMINI_API_KEY/versions/latest [none]
[debug] [2026-07-14T17:54:56.913Z] <<< [apiv2][status] GET https://secretmanager.googleapis.com/v1/projects/pruebas-80a12/secrets/GEMINI_API_KEY/versions/latest 200
[debug] [2026-07-14T17:54:56.914Z] <<< [apiv2][body] GET https://secretmanager.googleapis.com/v1/projects/pruebas-80a12/secrets/GEMINI_API_KEY/versions/latest {"name":"projects/337416174160/secrets/GEMINI_API_KEY/versions/2","createTime":"2026-07-14T17:53:38.236116Z","state":"ENABLED","replicationStatus":{"automatic":{}},"etag":"\"165695e2f746d4\""}
[debug] [2026-07-14T17:54:56.914Z] Resolved secret version of GEMINI_API_KEY to 2.
[debug] [2026-07-14T17:54:56.916Z] Checked if tokens are valid: true, expires at: 1784054156915
[debug] [2026-07-14T17:54:56.916Z] Checked if tokens are valid: true, expires at: 1784054156915
[debug] [2026-07-14T17:54:56.916Z] >>> [apiv2][query] GET https://cloudresourcemanager.googleapis.com/v1/projects/pruebas-80a12 [none]
[debug] [2026-07-14T17:54:57.219Z] <<< [apiv2][status] GET https://cloudresourcemanager.googleapis.com/v1/projects/pruebas-80a12 200
[debug] [2026-07-14T17:54:57.219Z] <<< [apiv2][body] GET https://cloudresourcemanager.googleapis.com/v1/projects/pruebas-80a12 {"projectNumber":"337416174160","projectId":"pruebas-80a12","lifecycleState":"ACTIVE","name":"Pruebas","labels":{"firebase":"enabled","firebase-core":"disabled"},"createTime":"2026-07-14T16:01:56.884Z"}
[debug] [2026-07-14T17:54:57.220Z] Checked if tokens are valid: true, expires at: 1784054156915
[debug] [2026-07-14T17:54:57.220Z] Checked if tokens are valid: true, expires at: 1784054156915
[debug] [2026-07-14T17:54:57.220Z] >>> [apiv2][query] GET https://compute.googleapis.com/compute/v1/projects/337416174160 [none]
[debug] [2026-07-14T17:54:57.439Z] <<< [apiv2][status] GET https://compute.googleapis.com/compute/v1/projects/337416174160 403
[debug] [2026-07-14T17:54:57.440Z] <<< [apiv2][body] GET https://compute.googleapis.com/compute/v1/projects/337416174160 {"error":{"code":403,"message":"Compute Engine API has not been used in project 337416174160 before or it is disabled. Enable it by visiting https://console.developers.google.com/apis/api/compute.googleapis.com/overview?project=337416174160 then retry. If you enabled this API recently, wait a few minutes for the action to propagate to our systems and retry.","errors":[{"message":"Compute Engine API has not been used in project 337416174160 before or it is disabled. Enable it by visiting https://console.developers.google.com/apis/api/compute.googleapis.com/overview?project=337416174160 then retry. If you enabled this API recently, wait a few minutes for the action to propagate to our systems and retry.","domain":"usageLimits","reason":"accessNotConfigured","extendedHelp":"https://console.developers.google.com"}],"status":"PERMISSION_DENIED","details":[{"@type":"type.googleapis.com/google.rpc.ErrorInfo","reason":"SERVICE_DISABLED","domain":"googleapis.com","metadata":{"activationUrl":"https://console.developers.google.com/apis/api/compute.googleapis.com/overview?project=337416174160","service":"compute.googleapis.com","serviceTitle":"Compute Engine API","containerInfo":"337416174160","consumer":"projects/337416174160"}},{"@type":"type.googleapis.com/google.rpc.LocalizedMessage","locale":"en-US","message":"Compute Engine API has not been used in project 337416174160 before or it is disabled. Enable it by visiting https://console.developers.google.com/apis/api/compute.googleapis.com/overview?project=337416174160 then retry. If you enabled this API recently, wait a few minutes for the action to propagate to our systems and retry."},{"@type":"type.googleapis.com/google.rpc.Help","links":[{"description":"Google developers console API activation","url":"https://console.developers.google.com/apis/api/compute.googleapis.com/overview?project=337416174160"}]}]}}
[debug] [2026-07-14T17:54:57.440Z] unable to look up default compute service account. Falling back to 337416174160-compute@developer.gserviceaccount.com. Error: {"name":"FirebaseError","children":[],"context":{"body":{"error":{"code":403,"message":"Compute Engine API has not been used in project 337416174160 before or it is disabled. Enable it by visiting https://console.developers.google.com/apis/api/compute.googleapis.com/overview?project=337416174160 then retry. If you enabled this API recently, wait a few minutes for the action to propagate to our systems and retry.","errors":[{"message":"Compute Engine API has not been used in project 337416174160 before or it is disabled. Enable it by visiting https://console.developers.google.com/apis/api/compute.googleapis.com/overview?project=337416174160 then retry. If you enabled this API recently, wait a few minutes for the action to propagate to our systems and retry.","domain":"usageLimits","reason":"accessNotConfigured","extendedHelp":"https://console.developers.google.com"}],"status":"PERMISSION_DENIED","details":[{"@type":"type.googleapis.com/google.rpc.ErrorInfo","reason":"SERVICE_DISABLED","domain":"googleapis.com","metadata":{"activationUrl":"https://console.developers.google.com/apis/api/compute.googleapis.com/overview?project=337416174160","service":"compute.googleapis.com","serviceTitle":"Compute Engine API","containerInfo":"337416174160","consumer":"projects/337416174160"}},{"@type":"type.googleapis.com/google.rpc.LocalizedMessage","locale":"en-US","message":"Compute Engine API has not been used in project 337416174160 before or it is disabled. Enable it by visiting https://console.developers.google.com/apis/api/compute.googleapis.com/overview?project=337416174160 then retry. If you enabled this API recently, wait a few minutes for the action to propagate to our systems and retry."},{"@type":"type.googleapis.com/google.rpc.Help","links":[{"description":"Google developers console API activation","url":"https://console.developers.google.com/apis/api/compute.googleapis.com/overview?project=337416174160"}]}]}},"response":{"statusCode":403}},"exit":1,"message":"Request to https://compute.googleapis.com/compute/v1/projects/337416174160 had HTTP Error: 403, Compute Engine API has not been used in project 337416174160 before or it is disabled. Enable it by visiting https://console.developers.google.com/apis/api/compute.googleapis.com/overview?project=337416174160 then retry. If you enabled this API recently, wait a few minutes for the action to propagate to our systems and retry.","status":403}
[info] i  functions: ensuring 337416174160-compute@developer.gserviceaccount.com access to secret GEMINI_API_KEY. 
[debug] [2026-07-14T17:54:57.442Z] Checked if tokens are valid: true, expires at: 1784054156915
[debug] [2026-07-14T17:54:57.443Z] Checked if tokens are valid: true, expires at: 1784054156915
[debug] [2026-07-14T17:54:57.443Z] >>> [apiv2][query] GET https://secretmanager.googleapis.com/v1/projects/pruebas-80a12/secrets/GEMINI_API_KEY:getIamPolicy [none]
[debug] [2026-07-14T17:54:57.604Z] <<< [apiv2][status] GET https://secretmanager.googleapis.com/v1/projects/pruebas-80a12/secrets/GEMINI_API_KEY:getIamPolicy 200
[debug] [2026-07-14T17:54:57.604Z] <<< [apiv2][body] GET https://secretmanager.googleapis.com/v1/projects/pruebas-80a12/secrets/GEMINI_API_KEY:getIamPolicy {"etag":"ACAB"}
[debug] [2026-07-14T17:54:57.605Z] Checked if tokens are valid: true, expires at: 1784054156915
[debug] [2026-07-14T17:54:57.605Z] Checked if tokens are valid: true, expires at: 1784054156915
[debug] [2026-07-14T17:54:57.605Z] >>> [apiv2][query] POST https://secretmanager.googleapis.com/v1/projects/pruebas-80a12/secrets/GEMINI_API_KEY:setIamPolicy [none]
[debug] [2026-07-14T17:54:57.605Z] >>> [apiv2][body] POST https://secretmanager.googleapis.com/v1/projects/pruebas-80a12/secrets/GEMINI_API_KEY:setIamPolicy {"policy":{"bindings":[{"role":"roles/secretmanager.secretAccessor","members":["serviceAccount:337416174160-compute@developer.gserviceaccount.com"]}]},"updateMask":"bindings"}
[debug] [2026-07-14T17:54:57.895Z] <<< [apiv2][status] POST https://secretmanager.googleapis.com/v1/projects/pruebas-80a12/secrets/GEMINI_API_KEY:setIamPolicy 200
[debug] [2026-07-14T17:54:57.895Z] <<< [apiv2][body] POST https://secretmanager.googleapis.com/v1/projects/pruebas-80a12/secrets/GEMINI_API_KEY:setIamPolicy {"version":1,"etag":"BwZWlee4TV0=","bindings":[{"role":"roles/secretmanager.secretAccessor","members":["serviceAccount:337416174160-compute@developer.gserviceaccount.com"]}]}
[info] +  secretmanager: Granted roles/secretmanager.secretAccessor on projects/pruebas-80a12/secrets/GEMINI_API_KEY to 337416174160-compute@developer.gserviceaccount.com 
[info] +  functions: ensured 337416174160-compute@developer.gserviceaccount.com access to GEMINI_API_KEY. 
[debug] [2026-07-14T17:54:57.897Z] Checked if tokens are valid: true, expires at: 1784054156915
[debug] [2026-07-14T17:54:57.897Z] Checked if tokens are valid: true, expires at: 1784054156915
[debug] [2026-07-14T17:54:57.897Z] >>> [apiv2][query] GET https://firebaserules.googleapis.com/v1/projects/pruebas-80a12/releases pageSize=10&pageToken=
[debug] [2026-07-14T17:54:58.079Z] <<< [apiv2][status] GET https://firebaserules.googleapis.com/v1/projects/pruebas-80a12/releases 200
[debug] [2026-07-14T17:54:58.079Z] <<< [apiv2][body] GET https://firebaserules.googleapis.com/v1/projects/pruebas-80a12/releases {"releases":[{"name":"projects/pruebas-80a12/releases/cloud.firestore","rulesetName":"projects/pruebas-80a12/rulesets/2f1650bf-8409-4c8f-a064-70059edcbb2d","createTime":"2026-07-14T16:25:36.872771Z","updateTime":"2026-07-14T17:44:54.616410Z"}]}
[debug] [2026-07-14T17:54:58.080Z] Checked if tokens are valid: true, expires at: 1784054156915
[debug] [2026-07-14T17:54:58.080Z] Checked if tokens are valid: true, expires at: 1784054156915
[debug] [2026-07-14T17:54:58.080Z] >>> [apiv2][query] GET https://firebaserules.googleapis.com/v1/projects/pruebas-80a12/rulesets/2f1650bf-8409-4c8f-a064-70059edcbb2d [none]
[debug] [2026-07-14T17:54:58.193Z] <<< [apiv2][status] GET https://firebaserules.googleapis.com/v1/projects/pruebas-80a12/rulesets/2f1650bf-8409-4c8f-a064-70059edcbb2d 200
[debug] [2026-07-14T17:54:58.194Z] <<< [apiv2][body] GET https://firebaserules.googleapis.com/v1/projects/pruebas-80a12/rulesets/2f1650bf-8409-4c8f-a064-70059edcbb2d [omitted]
[info] i  firestore: latest version of firestore.rules already up to date, skipping upload... 
[debug] [2026-07-14T17:54:58.197Z] Checked if tokens are valid: true, expires at: 1784054156915
[debug] [2026-07-14T17:54:58.197Z] Checked if tokens are valid: true, expires at: 1784054156915
[debug] [2026-07-14T17:54:58.197Z] >>> [apiv2][query] GET https://serviceusage.googleapis.com/v1/projects/pruebas-80a12/services/cloudbilling.googleapis.com [none]
[debug] [2026-07-14T17:54:58.197Z] >>> [apiv2][(partial)header] GET https://serviceusage.googleapis.com/v1/projects/pruebas-80a12/services/cloudbilling.googleapis.com  x-goog-user-project=pruebas-80a12
[debug] [2026-07-14T17:54:58.357Z] <<< [apiv2][status] GET https://serviceusage.googleapis.com/v1/projects/pruebas-80a12/services/cloudbilling.googleapis.com 200
[debug] [2026-07-14T17:54:58.357Z] <<< [apiv2][body] GET https://serviceusage.googleapis.com/v1/projects/pruebas-80a12/services/cloudbilling.googleapis.com [omitted]
[debug] [2026-07-14T17:54:58.357Z] Checked if tokens are valid: true, expires at: 1784054156915
[debug] [2026-07-14T17:54:58.357Z] Checked if tokens are valid: true, expires at: 1784054156915
[debug] [2026-07-14T17:54:58.357Z] >>> [apiv2][query] POST https://serviceusage.googleapis.com/v1/projects/pruebas-80a12/services/cloudbilling.googleapis.com:enable [none]
[debug] [2026-07-14T17:54:58.357Z] >>> [apiv2][(partial)header] POST https://serviceusage.googleapis.com/v1/projects/pruebas-80a12/services/cloudbilling.googleapis.com:enable  x-goog-user-project=pruebas-80a12
[debug] [2026-07-14T17:54:58.582Z] <<< [apiv2][status] POST https://serviceusage.googleapis.com/v1/projects/pruebas-80a12/services/cloudbilling.googleapis.com:enable 200
[debug] [2026-07-14T17:54:58.582Z] <<< [apiv2][body] POST https://serviceusage.googleapis.com/v1/projects/pruebas-80a12/services/cloudbilling.googleapis.com:enable [omitted]
[debug] [2026-07-14T17:55:08.602Z] Checked if tokens are valid: true, expires at: 1784054156915
[debug] [2026-07-14T17:55:08.602Z] Checked if tokens are valid: true, expires at: 1784054156915
[debug] [2026-07-14T17:55:08.602Z] >>> [apiv2][query] GET https://cloudbilling.googleapis.com/v1/projects/pruebas-80a12/billingInfo [none]
[debug] [2026-07-14T17:55:08.602Z] >>> [apiv2][(partial)header] GET https://cloudbilling.googleapis.com/v1/projects/pruebas-80a12/billingInfo  x-goog-user-project=pruebas-80a12
[debug] [2026-07-14T17:55:08.899Z] <<< [apiv2][status] GET https://cloudbilling.googleapis.com/v1/projects/pruebas-80a12/billingInfo 200
[debug] [2026-07-14T17:55:08.900Z] <<< [apiv2][body] GET https://cloudbilling.googleapis.com/v1/projects/pruebas-80a12/billingInfo {"name":"projects/pruebas-80a12/billingInfo","projectId":"pruebas-80a12","billingAccountName":"billingAccounts/01A73E-15183B-A9227D","billingEnabled":true}
[debug] [2026-07-14T17:55:08.902Z] Checked if tokens are valid: true, expires at: 1784054156915
[debug] [2026-07-14T17:55:08.902Z] Checked if tokens are valid: true, expires at: 1784054156915
[debug] [2026-07-14T17:55:08.902Z] >>> [apiv2][query] POST https://cloudfunctions.googleapis.com/v2/projects/pruebas-80a12/locations/us-central1/functions:generateUploadUrl [none]
[debug] [2026-07-14T17:55:10.222Z] <<< [apiv2][status] POST https://cloudfunctions.googleapis.com/v2/projects/pruebas-80a12/locations/us-central1/functions:generateUploadUrl 200
[debug] [2026-07-14T17:55:10.222Z] <<< [apiv2][body] POST https://cloudfunctions.googleapis.com/v2/projects/pruebas-80a12/locations/us-central1/functions:generateUploadUrl {"uploadUrl":"https://storage.googleapis.com/gcf-v2-uploads-337416174160.us-central1.cloudfunctions.appspot.com/8387f49c-3981-43dc-bf8d-f19e781ae5c4.zip?GoogleAccessId=service-337416174160@gcf-admin-robot.iam.gserviceaccount.com&Expires=1784053510&Signature=QL324s3ysJ5xo%2BmdMuvDCMZGKHJESKPpIw6uB%2B3HASLmF0BTQpPAVanth2%2BtOI1F1t0GEJFnTZpy4xSmj1E0qnlfGSR6FgHiDNaDyZLEwzVF0xUa6iCnsga8NHaxD1l0poF6njy67SGXMcgDWZFoSwnF1AQas20O7vwfRq%2FTXZUi2RJ3lwR0bvOo%2BsGGKyjNqbZYf55gdgJOcrehdRZPE9muKMbnnJHmJNh7mdFBJ%2F4ELtOaWSzffRlPRSj7SvodgeLUVzqVLDfod8vy7nlepM4I%2Fwn4c%2BC8usvBMFY37kGKNuJAVkT2T4bhyhJHbfvPX%2FqtYNYuFQWmc%2Fj47rrDEA%3D%3D","storageSource":{"bucket":"gcf-v2-uploads-337416174160.us-central1.cloudfunctions.appspot.com","object":"8387f49c-3981-43dc-bf8d-f19e781ae5c4.zip"}}
[debug] [2026-07-14T17:55:10.223Z] >>> [apiv2][query] PUT https://storage.googleapis.com/gcf-v2-uploads-337416174160.us-central1.cloudfunctions.appspot.com/8387f49c-3981-43dc-bf8d-f19e781ae5c4.zip GoogleAccessId=service-337416174160%40gcf-admin-robot.iam.gserviceaccount.com&Expires=1784053510&Signature=QL324s3ysJ5xo%2BmdMuvDCMZGKHJESKPpIw6uB%2B3HASLmF0BTQpPAVanth2%2BtOI1F1t0GEJFnTZpy4xSmj1E0qnlfGSR6FgHiDNaDyZLEwzVF0xUa6iCnsga8NHaxD1l0poF6njy67SGXMcgDWZFoSwnF1AQas20O7vwfRq%2FTXZUi2RJ3lwR0bvOo%2BsGGKyjNqbZYf55gdgJOcrehdRZPE9muKMbnnJHmJNh7mdFBJ%2F4ELtOaWSzffRlPRSj7SvodgeLUVzqVLDfod8vy7nlepM4I%2Fwn4c%2BC8usvBMFY37kGKNuJAVkT2T4bhyhJHbfvPX%2FqtYNYuFQWmc%2Fj47rrDEA%3D%3D
[debug] [2026-07-14T17:55:10.223Z] >>> [apiv2][body] PUT https://storage.googleapis.com/gcf-v2-uploads-337416174160.us-central1.cloudfunctions.appspot.com/8387f49c-3981-43dc-bf8d-f19e781ae5c4.zip [stream]
[debug] [2026-07-14T17:55:10.506Z] <<< [apiv2][status] PUT https://storage.googleapis.com/gcf-v2-uploads-337416174160.us-central1.cloudfunctions.appspot.com/8387f49c-3981-43dc-bf8d-f19e781ae5c4.zip 200
[debug] [2026-07-14T17:55:10.506Z] <<< [apiv2][body] PUT https://storage.googleapis.com/gcf-v2-uploads-337416174160.us-central1.cloudfunctions.appspot.com/8387f49c-3981-43dc-bf8d-f19e781ae5c4.zip [omitted]
[info] +  functions: functions source uploaded successfully 
[debug] [2026-07-14T17:55:10.507Z] [rules] releasing cloud.firestore with ruleset projects/pruebas-80a12/rulesets/2f1650bf-8409-4c8f-a064-70059edcbb2d
[debug] [2026-07-14T17:55:10.507Z] Checked if tokens are valid: true, expires at: 1784054156915
[debug] [2026-07-14T17:55:10.508Z] Checked if tokens are valid: true, expires at: 1784054156915
[debug] [2026-07-14T17:55:10.508Z] >>> [apiv2][query] PATCH https://firebaserules.googleapis.com/v1/projects/pruebas-80a12/releases/cloud.firestore [none]
[debug] [2026-07-14T17:55:10.508Z] >>> [apiv2][body] PATCH https://firebaserules.googleapis.com/v1/projects/pruebas-80a12/releases/cloud.firestore {"release":{"name":"projects/pruebas-80a12/releases/cloud.firestore","rulesetName":"projects/pruebas-80a12/rulesets/2f1650bf-8409-4c8f-a064-70059edcbb2d"}}
[debug] [2026-07-14T17:55:10.724Z] <<< [apiv2][status] PATCH https://firebaserules.googleapis.com/v1/projects/pruebas-80a12/releases/cloud.firestore 200
[debug] [2026-07-14T17:55:10.724Z] <<< [apiv2][body] PATCH https://firebaserules.googleapis.com/v1/projects/pruebas-80a12/releases/cloud.firestore {"name":"projects/pruebas-80a12/releases/cloud.firestore","rulesetName":"projects/pruebas-80a12/rulesets/2f1650bf-8409-4c8f-a064-70059edcbb2d","createTime":"2026-07-14T16:25:36.872771Z","updateTime":"2026-07-14T17:55:10.821456Z"}
[debug] [2026-07-14T17:55:10.724Z] [rules] updated release projects/pruebas-80a12/releases/cloud.firestore
[info] +  firestore: released rules firestore.rules to cloud.firestore 
[info] i  functions: creating Node.js 20 (2nd Gen) function chatSeguros(us-central1)... 
[debug] [2026-07-14T17:55:10.731Z] Checked if tokens are valid: true, expires at: 1784054156915
[debug] [2026-07-14T17:55:10.731Z] Checked if tokens are valid: true, expires at: 1784054156915
[debug] [2026-07-14T17:55:10.731Z] >>> [apiv2][query] POST https://cloudfunctions.googleapis.com/v2/projects/pruebas-80a12/locations/us-central1/functions functionId=chatSeguros
[debug] [2026-07-14T17:55:10.731Z] >>> [apiv2][body] POST https://cloudfunctions.googleapis.com/v2/projects/pruebas-80a12/locations/us-central1/functions {"name":"projects/pruebas-80a12/locations/us-central1/functions/chatSeguros","buildConfig":{"runtime":"nodejs20","entryPoint":"chatSeguros","source":{"storageSource":{"bucket":"gcf-v2-uploads-337416174160.us-central1.cloudfunctions.appspot.com","object":"8387f49c-3981-43dc-bf8d-f19e781ae5c4.zip"}},"environmentVariables":{"GOOGLE_NODE_RUN_SCRIPTS":""}},"serviceConfig":{"environmentVariables":{"FIREBASE_CONFIG":"{\"projectId\":\"pruebas-80a12\",\"storageBucket\":\"pruebas-80a12.firebasestorage.app\"}","GCLOUD_PROJECT":"pruebas-80a12","EVENTARC_CLOUD_EVENT_SOURCE":"projects/pruebas-80a12/locations/us-central1/services/chatSeguros","FUNCTION_TARGET":"chatSeguros","LOG_EXECUTION_ID":"true"},"secretEnvironmentVariables":[{"key":"GEMINI_API_KEY","secret":"GEMINI_API_KEY","projectId":"pruebas-80a12","version":"2"}],"ingressSettings":null,"timeoutSeconds":null,"serviceAccountEmail":null,"availableMemory":"256Mi","minInstanceCount":null,"maxInstanceCount":null,"maxInstanceRequestConcurrency":80,"availableCpu":"1","vpcConnector":null,"vpcConnectorEgressSettings":null,"directVpcNetworkInterface":null,"directVpcEgress":null},"labels":{"deployment-tool":"cli-firebase","deployment-callable":"true","firebase-functions-hash":"826b351ca918c458745cda6f29b3677fe47cd488"}}
[debug] [2026-07-14T17:55:13.077Z] <<< [apiv2][status] POST https://cloudfunctions.googleapis.com/v2/projects/pruebas-80a12/locations/us-central1/functions 200
[debug] [2026-07-14T17:55:13.077Z] <<< [apiv2][body] POST https://cloudfunctions.googleapis.com/v2/projects/pruebas-80a12/locations/us-central1/functions {"name":"projects/pruebas-80a12/locations/us-central1/operations/operation-1784051710961-65695e87e273c-502765ff-109d2dda","metadata":{"@type":"type.googleapis.com/google.cloud.functions.v2.OperationMetadata","createTime":"2026-07-14T17:55:13.164650549Z","target":"projects/pruebas-80a12/locations/us-central1/functions/chatSeguros","verb":"create","cancelRequested":false,"apiVersion":"v2"},"done":false}
[debug] [2026-07-14T17:55:13.078Z] Checked if tokens are valid: true, expires at: 1784054156915
[debug] [2026-07-14T17:55:13.078Z] Checked if tokens are valid: true, expires at: 1784054156915
[debug] [2026-07-14T17:55:13.078Z] >>> [apiv2][query] GET https://cloudfunctions.googleapis.com/v2/projects/pruebas-80a12/locations/us-central1/operations/operation-1784051710961-65695e87e273c-502765ff-109d2dda [none]
[debug] [2026-07-14T17:55:13.191Z] <<< [apiv2][status] GET https://cloudfunctions.googleapis.com/v2/projects/pruebas-80a12/locations/us-central1/operations/operation-1784051710961-65695e87e273c-502765ff-109d2dda 200
[debug] [2026-07-14T17:55:13.191Z] <<< [apiv2][body] GET https://cloudfunctions.googleapis.com/v2/projects/pruebas-80a12/locations/us-central1/operations/operation-1784051710961-65695e87e273c-502765ff-109d2dda {"name":"projects/pruebas-80a12/locations/us-central1/operations/operation-1784051710961-65695e87e273c-502765ff-109d2dda","metadata":{"@type":"type.googleapis.com/google.cloud.functions.v2.OperationMetadata","createTime":"2026-07-14T17:55:13.164650549Z","target":"projects/pruebas-80a12/locations/us-central1/functions/chatSeguros","verb":"create","cancelRequested":false,"apiVersion":"v2"},"done":false}
[debug] [2026-07-14T17:55:13.699Z] [create-default-us-central1-chatSeguros] Retrying task index 0
[debug] [2026-07-14T17:55:13.699Z] Checked if tokens are valid: true, expires at: 1784054156915
[debug] [2026-07-14T17:55:13.699Z] Checked if tokens are valid: true, expires at: 1784054156915
[debug] [2026-07-14T17:55:13.699Z] >>> [apiv2][query] GET https://cloudfunctions.googleapis.com/v2/projects/pruebas-80a12/locations/us-central1/operations/operation-1784051710961-65695e87e273c-502765ff-109d2dda [none]
[debug] [2026-07-14T17:55:13.841Z] <<< [apiv2][status] GET https://cloudfunctions.googleapis.com/v2/projects/pruebas-80a12/locations/us-central1/operations/operation-1784051710961-65695e87e273c-502765ff-109d2dda 200
[debug] [2026-07-14T17:55:13.841Z] <<< [apiv2][body] GET https://cloudfunctions.googleapis.com/v2/projects/pruebas-80a12/locations/us-central1/operations/operation-1784051710961-65695e87e273c-502765ff-109d2dda {"name":"projects/pruebas-80a12/locations/us-central1/operations/operation-1784051710961-65695e87e273c-502765ff-109d2dda","metadata":{"@type":"type.googleapis.com/google.cloud.functions.v2.OperationMetadata","createTime":"2026-07-14T17:55:13.164650549Z","target":"projects/pruebas-80a12/locations/us-central1/functions/chatSeguros","verb":"create","cancelRequested":false,"apiVersion":"v2","requestResource":{"@type":"type.googleapis.com/google.cloud.functions.v2.Function","name":"projects/pruebas-80a12/locations/us-central1/functions/chatSeguros","buildConfig":{"runtime":"nodejs20","entryPoint":"chatSeguros","source":{"storageSource":{"bucket":"gcf-v2-sources-337416174160-us-central1","object":"chatSeguros/function-source.zip","generation":"1784051711788821"}},"environmentVariables":{"GOOGLE_NODE_RUN_SCRIPTS":""},"serviceAccount":"projects/pruebas-80a12/serviceAccounts/337416174160-compute@developer.gserviceaccount.com","automaticUpdatePolicy":{}},"serviceConfig":{"service":"projects/pruebas-80a12/locations/us-central1/services/chatseguros","timeoutSeconds":60,"environmentVariables":{"FIREBASE_CONFIG":"{\"projectId\":\"pruebas-80a12\",\"storageBucket\":\"pruebas-80a12.firebasestorage.app\"}","GCLOUD_PROJECT":"pruebas-80a12","EVENTARC_CLOUD_EVENT_SOURCE":"projects/pruebas-80a12/locations/us-central1/services/chatSeguros","FUNCTION_TARGET":"chatSeguros","LOG_EXECUTION_ID":"true"},"ingressSettings":"ALLOW_ALL","serviceAccountEmail":"337416174160-compute@developer.gserviceaccount.com","availableMemory":"256Mi","secretEnvironmentVariables":[{"key":"GEMINI_API_KEY","projectId":"pruebas-80a12","secret":"GEMINI_API_KEY","version":"2"}],"maxInstanceRequestConcurrency":80,"availableCpu":"1"},"labels":{"deployment-tool":"cli-firebase","deployment-callable":"true","firebase-functions-hash":"826b351ca918c458745cda6f29b3677fe47cd488"},"environment":"GEN_2"},"stages":[{"name":"BUILD","state":"NOT_STARTED","stateMessages":[{"severity":"WARNING","type":"BuildAnalysisWarning","message":"Node.js 20 is no longer supported by the Node.js community as of 30 April, 2026. Runtime nodejs20 is currently deprecated for Cloud Functions. We recommend you to upgrade to the latest version of Node.js as soon as possible."}]},{"name":"SERVICE","state":"NOT_STARTED"}],"operationType":"CREATE_FUNCTION"},"done":false}
[debug] [2026-07-14T17:55:14.848Z] [create-default-us-central1-chatSeguros] Retrying task index 0
[debug] [2026-07-14T17:55:14.848Z] Checked if tokens are valid: true, expires at: 1784054156915
[debug] [2026-07-14T17:55:14.848Z] Checked if tokens are valid: true, expires at: 1784054156915
[debug] [2026-07-14T17:55:14.848Z] >>> [apiv2][query] GET https://cloudfunctions.googleapis.com/v2/projects/pruebas-80a12/locations/us-central1/operations/operation-1784051710961-65695e87e273c-502765ff-109d2dda [none]
[debug] [2026-07-14T17:55:15.009Z] <<< [apiv2][status] GET https://cloudfunctions.googleapis.com/v2/projects/pruebas-80a12/locations/us-central1/operations/operation-1784051710961-65695e87e273c-502765ff-109d2dda 200
[debug] [2026-07-14T17:55:15.009Z] <<< [apiv2][body] GET https://cloudfunctions.googleapis.com/v2/projects/pruebas-80a12/locations/us-central1/operations/operation-1784051710961-65695e87e273c-502765ff-109d2dda {"name":"projects/pruebas-80a12/locations/us-central1/operations/operation-1784051710961-65695e87e273c-502765ff-109d2dda","metadata":{"@type":"type.googleapis.com/google.cloud.functions.v2.OperationMetadata","createTime":"2026-07-14T17:55:13.164650549Z","target":"projects/pruebas-80a12/locations/us-central1/functions/chatSeguros","verb":"create","cancelRequested":false,"apiVersion":"v2","requestResource":{"@type":"type.googleapis.com/google.cloud.functions.v2.Function","name":"projects/pruebas-80a12/locations/us-central1/functions/chatSeguros","buildConfig":{"runtime":"nodejs20","entryPoint":"chatSeguros","source":{"storageSource":{"bucket":"gcf-v2-sources-337416174160-us-central1","object":"chatSeguros/function-source.zip","generation":"1784051711788821"}},"environmentVariables":{"GOOGLE_NODE_RUN_SCRIPTS":""},"serviceAccount":"projects/pruebas-80a12/serviceAccounts/337416174160-compute@developer.gserviceaccount.com","automaticUpdatePolicy":{}},"serviceConfig":{"service":"projects/pruebas-80a12/locations/us-central1/services/chatseguros","timeoutSeconds":60,"environmentVariables":{"FIREBASE_CONFIG":"{\"projectId\":\"pruebas-80a12\",\"storageBucket\":\"pruebas-80a12.firebasestorage.app\"}","GCLOUD_PROJECT":"pruebas-80a12","EVENTARC_CLOUD_EVENT_SOURCE":"projects/pruebas-80a12/locations/us-central1/services/chatSeguros","FUNCTION_TARGET":"chatSeguros","LOG_EXECUTION_ID":"true"},"ingressSettings":"ALLOW_ALL","serviceAccountEmail":"337416174160-compute@developer.gserviceaccount.com","availableMemory":"256Mi","secretEnvironmentVariables":[{"key":"GEMINI_API_KEY","projectId":"pruebas-80a12","secret":"GEMINI_API_KEY","version":"2"}],"maxInstanceRequestConcurrency":80,"availableCpu":"1"},"labels":{"deployment-tool":"cli-firebase","deployment-callable":"true","firebase-functions-hash":"826b351ca918c458745cda6f29b3677fe47cd488"},"environment":"GEN_2"},"stages":[{"name":"BUILD","state":"NOT_STARTED","stateMessages":[{"severity":"WARNING","type":"BuildAnalysisWarning","message":"Node.js 20 is no longer supported by the Node.js community as of 30 April, 2026. Runtime nodejs20 is currently deprecated for Cloud Functions. We recommend you to upgrade to the latest version of Node.js as soon as possible."}]},{"name":"SERVICE","state":"NOT_STARTED"}],"operationType":"CREATE_FUNCTION"},"done":false}
[debug] [2026-07-14T17:55:17.015Z] [create-default-us-central1-chatSeguros] Retrying task index 0
[debug] [2026-07-14T17:55:17.015Z] Checked if tokens are valid: true, expires at: 1784054156915
[debug] [2026-07-14T17:55:17.015Z] Checked if tokens are valid: true, expires at: 1784054156915
[debug] [2026-07-14T17:55:17.015Z] >>> [apiv2][query] GET https://cloudfunctions.googleapis.com/v2/projects/pruebas-80a12/locations/us-central1/operations/operation-1784051710961-65695e87e273c-502765ff-109d2dda [none]
[debug] [2026-07-14T17:55:17.136Z] <<< [apiv2][status] GET https://cloudfunctions.googleapis.com/v2/projects/pruebas-80a12/locations/us-central1/operations/operation-1784051710961-65695e87e273c-502765ff-109d2dda 200
[debug] [2026-07-14T17:55:17.136Z] <<< [apiv2][body] GET https://cloudfunctions.googleapis.com/v2/projects/pruebas-80a12/locations/us-central1/operations/operation-1784051710961-65695e87e273c-502765ff-109d2dda {"name":"projects/pruebas-80a12/locations/us-central1/operations/operation-1784051710961-65695e87e273c-502765ff-109d2dda","metadata":{"@type":"type.googleapis.com/google.cloud.functions.v2.OperationMetadata","createTime":"2026-07-14T17:55:13.164650549Z","target":"projects/pruebas-80a12/locations/us-central1/functions/chatSeguros","verb":"create","cancelRequested":false,"apiVersion":"v2","requestResource":{"@type":"type.googleapis.com/google.cloud.functions.v2.Function","name":"projects/pruebas-80a12/locations/us-central1/functions/chatSeguros","buildConfig":{"runtime":"nodejs20","entryPoint":"chatSeguros","source":{"storageSource":{"bucket":"gcf-v2-sources-337416174160-us-central1","object":"chatSeguros/function-source.zip","generation":"1784051711788821"}},"environmentVariables":{"GOOGLE_NODE_RUN_SCRIPTS":""},"serviceAccount":"projects/pruebas-80a12/serviceAccounts/337416174160-compute@developer.gserviceaccount.com","automaticUpdatePolicy":{}},"serviceConfig":{"service":"projects/pruebas-80a12/locations/us-central1/services/chatseguros","timeoutSeconds":60,"environmentVariables":{"FIREBASE_CONFIG":"{\"projectId\":\"pruebas-80a12\",\"storageBucket\":\"pruebas-80a12.firebasestorage.app\"}","GCLOUD_PROJECT":"pruebas-80a12","EVENTARC_CLOUD_EVENT_SOURCE":"projects/pruebas-80a12/locations/us-central1/services/chatSeguros","FUNCTION_TARGET":"chatSeguros","LOG_EXECUTION_ID":"true"},"ingressSettings":"ALLOW_ALL","serviceAccountEmail":"337416174160-compute@developer.gserviceaccount.com","availableMemory":"256Mi","secretEnvironmentVariables":[{"key":"GEMINI_API_KEY","projectId":"pruebas-80a12","secret":"GEMINI_API_KEY","version":"2"}],"maxInstanceRequestConcurrency":80,"availableCpu":"1"},"labels":{"deployment-tool":"cli-firebase","deployment-callable":"true","firebase-functions-hash":"826b351ca918c458745cda6f29b3677fe47cd488"},"environment":"GEN_2"},"stages":[{"name":"BUILD","state":"NOT_STARTED","stateMessages":[{"severity":"WARNING","type":"BuildAnalysisWarning","message":"Node.js 20 is no longer supported by the Node.js community as of 30 April, 2026. Runtime nodejs20 is currently deprecated for Cloud Functions. We recommend you to upgrade to the latest version of Node.js as soon as possible."}]},{"name":"SERVICE","state":"NOT_STARTED"}],"operationType":"CREATE_FUNCTION"},"done":false}
[debug] [2026-07-14T17:55:21.142Z] [create-default-us-central1-chatSeguros] Retrying task index 0
[debug] [2026-07-14T17:55:21.143Z] Checked if tokens are valid: true, expires at: 1784054156915
[debug] [2026-07-14T17:55:21.143Z] Checked if tokens are valid: true, expires at: 1784054156915
[debug] [2026-07-14T17:55:21.143Z] >>> [apiv2][query] GET https://cloudfunctions.googleapis.com/v2/projects/pruebas-80a12/locations/us-central1/operations/operation-1784051710961-65695e87e273c-502765ff-109d2dda [none]
[debug] [2026-07-14T17:55:21.348Z] <<< [apiv2][status] GET https://cloudfunctions.googleapis.com/v2/projects/pruebas-80a12/locations/us-central1/operations/operation-1784051710961-65695e87e273c-502765ff-109d2dda 200
[debug] [2026-07-14T17:55:21.349Z] <<< [apiv2][body] GET https://cloudfunctions.googleapis.com/v2/projects/pruebas-80a12/locations/us-central1/operations/operation-1784051710961-65695e87e273c-502765ff-109d2dda {"name":"projects/pruebas-80a12/locations/us-central1/operations/operation-1784051710961-65695e87e273c-502765ff-109d2dda","metadata":{"@type":"type.googleapis.com/google.cloud.functions.v2.OperationMetadata","createTime":"2026-07-14T17:55:13.164650549Z","target":"projects/pruebas-80a12/locations/us-central1/functions/chatSeguros","verb":"create","cancelRequested":false,"apiVersion":"v2","requestResource":{"@type":"type.googleapis.com/google.cloud.functions.v2.Function","name":"projects/pruebas-80a12/locations/us-central1/functions/chatSeguros","buildConfig":{"runtime":"nodejs20","entryPoint":"chatSeguros","source":{"storageSource":{"bucket":"gcf-v2-sources-337416174160-us-central1","object":"chatSeguros/function-source.zip","generation":"1784051711788821"}},"environmentVariables":{"GOOGLE_NODE_RUN_SCRIPTS":""},"serviceAccount":"projects/pruebas-80a12/serviceAccounts/337416174160-compute@developer.gserviceaccount.com","automaticUpdatePolicy":{}},"serviceConfig":{"service":"projects/pruebas-80a12/locations/us-central1/services/chatseguros","timeoutSeconds":60,"environmentVariables":{"FIREBASE_CONFIG":"{\"projectId\":\"pruebas-80a12\",\"storageBucket\":\"pruebas-80a12.firebasestorage.app\"}","GCLOUD_PROJECT":"pruebas-80a12","EVENTARC_CLOUD_EVENT_SOURCE":"projects/pruebas-80a12/locations/us-central1/services/chatSeguros","FUNCTION_TARGET":"chatSeguros","LOG_EXECUTION_ID":"true"},"ingressSettings":"ALLOW_ALL","serviceAccountEmail":"337416174160-compute@developer.gserviceaccount.com","availableMemory":"256Mi","secretEnvironmentVariables":[{"key":"GEMINI_API_KEY","projectId":"pruebas-80a12","secret":"GEMINI_API_KEY","version":"2"}],"maxInstanceRequestConcurrency":80,"availableCpu":"1"},"labels":{"deployment-tool":"cli-firebase","deployment-callable":"true","firebase-functions-hash":"826b351ca918c458745cda6f29b3677fe47cd488"},"environment":"GEN_2"},"stages":[{"name":"BUILD","state":"NOT_STARTED","stateMessages":[{"severity":"WARNING","type":"BuildAnalysisWarning","message":"Node.js 20 is no longer supported by the Node.js community as of 30 April, 2026. Runtime nodejs20 is currently deprecated for Cloud Functions. We recommend you to upgrade to the latest version of Node.js as soon as possible."}]},{"name":"SERVICE","state":"NOT_STARTED"}],"operationType":"CREATE_FUNCTION"},"done":false}
[debug] [2026-07-14T17:55:29.349Z] [create-default-us-central1-chatSeguros] Retrying task index 0
[debug] [2026-07-14T17:55:29.350Z] Checked if tokens are valid: true, expires at: 1784054156915
[debug] [2026-07-14T17:55:29.350Z] Checked if tokens are valid: true, expires at: 1784054156915
[debug] [2026-07-14T17:55:29.350Z] >>> [apiv2][query] GET https://cloudfunctions.googleapis.com/v2/projects/pruebas-80a12/locations/us-central1/operations/operation-1784051710961-65695e87e273c-502765ff-109d2dda [none]
[debug] [2026-07-14T17:55:29.538Z] <<< [apiv2][status] GET https://cloudfunctions.googleapis.com/v2/projects/pruebas-80a12/locations/us-central1/operations/operation-1784051710961-65695e87e273c-502765ff-109d2dda 200
[debug] [2026-07-14T17:55:29.538Z] <<< [apiv2][body] GET https://cloudfunctions.googleapis.com/v2/projects/pruebas-80a12/locations/us-central1/operations/operation-1784051710961-65695e87e273c-502765ff-109d2dda {"name":"projects/pruebas-80a12/locations/us-central1/operations/operation-1784051710961-65695e87e273c-502765ff-109d2dda","metadata":{"@type":"type.googleapis.com/google.cloud.functions.v2.OperationMetadata","createTime":"2026-07-14T17:55:13.164650549Z","target":"projects/pruebas-80a12/locations/us-central1/functions/chatSeguros","verb":"create","cancelRequested":false,"apiVersion":"v2","requestResource":{"@type":"type.googleapis.com/google.cloud.functions.v2.Function","name":"projects/pruebas-80a12/locations/us-central1/functions/chatSeguros","buildConfig":{"runtime":"nodejs20","entryPoint":"chatSeguros","source":{"storageSource":{"bucket":"gcf-v2-sources-337416174160-us-central1","object":"chatSeguros/function-source.zip","generation":"1784051711788821"}},"environmentVariables":{"GOOGLE_NODE_RUN_SCRIPTS":""},"serviceAccount":"projects/pruebas-80a12/serviceAccounts/337416174160-compute@developer.gserviceaccount.com","automaticUpdatePolicy":{}},"serviceConfig":{"service":"projects/pruebas-80a12/locations/us-central1/services/chatseguros","timeoutSeconds":60,"environmentVariables":{"FIREBASE_CONFIG":"{\"projectId\":\"pruebas-80a12\",\"storageBucket\":\"pruebas-80a12.firebasestorage.app\"}","GCLOUD_PROJECT":"pruebas-80a12","EVENTARC_CLOUD_EVENT_SOURCE":"projects/pruebas-80a12/locations/us-central1/services/chatSeguros","FUNCTION_TARGET":"chatSeguros","LOG_EXECUTION_ID":"true"},"ingressSettings":"ALLOW_ALL","serviceAccountEmail":"337416174160-compute@developer.gserviceaccount.com","availableMemory":"256Mi","secretEnvironmentVariables":[{"key":"GEMINI_API_KEY","projectId":"pruebas-80a12","secret":"GEMINI_API_KEY","version":"2"}],"maxInstanceRequestConcurrency":80,"availableCpu":"1"},"labels":{"deployment-tool":"cli-firebase","deployment-callable":"true","firebase-functions-hash":"826b351ca918c458745cda6f29b3677fe47cd488"},"environment":"GEN_2"},"stages":[{"name":"BUILD","message":"Build in progress","state":"IN_PROGRESS","resource":"projects/337416174160/locations/us-central1/builds/e2229238-dd12-406f-97d5-4eb7db86d536","resourceUri":"https://console.cloud.google.com/cloud-build/builds;region=us-central1/e2229238-dd12-406f-97d5-4eb7db86d536?project=337416174160"},{"name":"SERVICE","state":"NOT_STARTED"}],"operationType":"CREATE_FUNCTION","buildName":"projects/337416174160/locations/us-central1/builds/e2229238-dd12-406f-97d5-4eb7db86d536"},"done":false}
[debug] [2026-07-14T17:55:39.550Z] [create-default-us-central1-chatSeguros] Retrying task index 0
[debug] [2026-07-14T17:55:39.551Z] Checked if tokens are valid: true, expires at: 1784054156915
[debug] [2026-07-14T17:55:39.551Z] Checked if tokens are valid: true, expires at: 1784054156915
[debug] [2026-07-14T17:55:39.551Z] >>> [apiv2][query] GET https://cloudfunctions.googleapis.com/v2/projects/pruebas-80a12/locations/us-central1/operations/operation-1784051710961-65695e87e273c-502765ff-109d2dda [none]
[debug] [2026-07-14T17:55:39.772Z] <<< [apiv2][status] GET https://cloudfunctions.googleapis.com/v2/projects/pruebas-80a12/locations/us-central1/operations/operation-1784051710961-65695e87e273c-502765ff-109d2dda 200
[debug] [2026-07-14T17:55:39.772Z] <<< [apiv2][body] GET https://cloudfunctions.googleapis.com/v2/projects/pruebas-80a12/locations/us-central1/operations/operation-1784051710961-65695e87e273c-502765ff-109d2dda {"name":"projects/pruebas-80a12/locations/us-central1/operations/operation-1784051710961-65695e87e273c-502765ff-109d2dda","metadata":{"@type":"type.googleapis.com/google.cloud.functions.v2.OperationMetadata","createTime":"2026-07-14T17:55:13.164650549Z","target":"projects/pruebas-80a12/locations/us-central1/functions/chatSeguros","verb":"create","cancelRequested":false,"apiVersion":"v2","requestResource":{"@type":"type.googleapis.com/google.cloud.functions.v2.Function","name":"projects/pruebas-80a12/locations/us-central1/functions/chatSeguros","buildConfig":{"runtime":"nodejs20","entryPoint":"chatSeguros","source":{"storageSource":{"bucket":"gcf-v2-sources-337416174160-us-central1","object":"chatSeguros/function-source.zip","generation":"1784051711788821"}},"environmentVariables":{"GOOGLE_NODE_RUN_SCRIPTS":""},"serviceAccount":"projects/pruebas-80a12/serviceAccounts/337416174160-compute@developer.gserviceaccount.com","automaticUpdatePolicy":{}},"serviceConfig":{"service":"projects/pruebas-80a12/locations/us-central1/services/chatseguros","timeoutSeconds":60,"environmentVariables":{"FIREBASE_CONFIG":"{\"projectId\":\"pruebas-80a12\",\"storageBucket\":\"pruebas-80a12.firebasestorage.app\"}","GCLOUD_PROJECT":"pruebas-80a12","EVENTARC_CLOUD_EVENT_SOURCE":"projects/pruebas-80a12/locations/us-central1/services/chatSeguros","FUNCTION_TARGET":"chatSeguros","LOG_EXECUTION_ID":"true"},"ingressSettings":"ALLOW_ALL","serviceAccountEmail":"337416174160-compute@developer.gserviceaccount.com","availableMemory":"256Mi","secretEnvironmentVariables":[{"key":"GEMINI_API_KEY","projectId":"pruebas-80a12","secret":"GEMINI_API_KEY","version":"2"}],"maxInstanceRequestConcurrency":80,"availableCpu":"1"},"labels":{"deployment-tool":"cli-firebase","deployment-callable":"true","firebase-functions-hash":"826b351ca918c458745cda6f29b3677fe47cd488"},"environment":"GEN_2"},"stages":[{"name":"BUILD","message":"Build in progress","state":"IN_PROGRESS","resource":"projects/337416174160/locations/us-central1/builds/e2229238-dd12-406f-97d5-4eb7db86d536","resourceUri":"https://console.cloud.google.com/cloud-build/builds;region=us-central1/e2229238-dd12-406f-97d5-4eb7db86d536?project=337416174160"},{"name":"SERVICE","state":"NOT_STARTED"}],"operationType":"CREATE_FUNCTION","buildName":"projects/337416174160/locations/us-central1/builds/e2229238-dd12-406f-97d5-4eb7db86d536"},"done":false}
[debug] [2026-07-14T17:55:49.787Z] [create-default-us-central1-chatSeguros] Retrying task index 0
[debug] [2026-07-14T17:55:49.787Z] Checked if tokens are valid: true, expires at: 1784054156915
[debug] [2026-07-14T17:55:49.787Z] Checked if tokens are valid: true, expires at: 1784054156915
[debug] [2026-07-14T17:55:49.787Z] >>> [apiv2][query] GET https://cloudfunctions.googleapis.com/v2/projects/pruebas-80a12/locations/us-central1/operations/operation-1784051710961-65695e87e273c-502765ff-109d2dda [none]
[debug] [2026-07-14T17:55:49.976Z] <<< [apiv2][status] GET https://cloudfunctions.googleapis.com/v2/projects/pruebas-80a12/locations/us-central1/operations/operation-1784051710961-65695e87e273c-502765ff-109d2dda 200
[debug] [2026-07-14T17:55:49.976Z] <<< [apiv2][body] GET https://cloudfunctions.googleapis.com/v2/projects/pruebas-80a12/locations/us-central1/operations/operation-1784051710961-65695e87e273c-502765ff-109d2dda {"name":"projects/pruebas-80a12/locations/us-central1/operations/operation-1784051710961-65695e87e273c-502765ff-109d2dda","metadata":{"@type":"type.googleapis.com/google.cloud.functions.v2.OperationMetadata","createTime":"2026-07-14T17:55:13.164650549Z","target":"projects/pruebas-80a12/locations/us-central1/functions/chatSeguros","verb":"create","cancelRequested":false,"apiVersion":"v2","requestResource":{"@type":"type.googleapis.com/google.cloud.functions.v2.Function","name":"projects/pruebas-80a12/locations/us-central1/functions/chatSeguros","buildConfig":{"runtime":"nodejs20","entryPoint":"chatSeguros","source":{"storageSource":{"bucket":"gcf-v2-sources-337416174160-us-central1","object":"chatSeguros/function-source.zip","generation":"1784051711788821"}},"environmentVariables":{"GOOGLE_NODE_RUN_SCRIPTS":""},"serviceAccount":"projects/pruebas-80a12/serviceAccounts/337416174160-compute@developer.gserviceaccount.com","automaticUpdatePolicy":{}},"serviceConfig":{"service":"projects/pruebas-80a12/locations/us-central1/services/chatseguros","timeoutSeconds":60,"environmentVariables":{"FIREBASE_CONFIG":"{\"projectId\":\"pruebas-80a12\",\"storageBucket\":\"pruebas-80a12.firebasestorage.app\"}","GCLOUD_PROJECT":"pruebas-80a12","EVENTARC_CLOUD_EVENT_SOURCE":"projects/pruebas-80a12/locations/us-central1/services/chatSeguros","FUNCTION_TARGET":"chatSeguros","LOG_EXECUTION_ID":"true"},"ingressSettings":"ALLOW_ALL","serviceAccountEmail":"337416174160-compute@developer.gserviceaccount.com","availableMemory":"256Mi","secretEnvironmentVariables":[{"key":"GEMINI_API_KEY","projectId":"pruebas-80a12","secret":"GEMINI_API_KEY","version":"2"}],"maxInstanceRequestConcurrency":80,"availableCpu":"1"},"labels":{"deployment-tool":"cli-firebase","deployment-callable":"true","firebase-functions-hash":"826b351ca918c458745cda6f29b3677fe47cd488"},"environment":"GEN_2"},"stages":[{"name":"BUILD","message":"Build in progress","state":"IN_PROGRESS","resource":"projects/337416174160/locations/us-central1/builds/e2229238-dd12-406f-97d5-4eb7db86d536","resourceUri":"https://console.cloud.google.com/cloud-build/builds;region=us-central1/e2229238-dd12-406f-97d5-4eb7db86d536?project=337416174160"},{"name":"SERVICE","state":"NOT_STARTED"}],"operationType":"CREATE_FUNCTION","buildName":"projects/337416174160/locations/us-central1/builds/e2229238-dd12-406f-97d5-4eb7db86d536"},"done":false}
[debug] [2026-07-14T17:55:59.980Z] [create-default-us-central1-chatSeguros] Retrying task index 0
[debug] [2026-07-14T17:55:59.980Z] Checked if tokens are valid: true, expires at: 1784054156915
[debug] [2026-07-14T17:55:59.980Z] Checked if tokens are valid: true, expires at: 1784054156915
[debug] [2026-07-14T17:55:59.980Z] >>> [apiv2][query] GET https://cloudfunctions.googleapis.com/v2/projects/pruebas-80a12/locations/us-central1/operations/operation-1784051710961-65695e87e273c-502765ff-109d2dda [none]
[debug] [2026-07-14T17:56:00.348Z] <<< [apiv2][status] GET https://cloudfunctions.googleapis.com/v2/projects/pruebas-80a12/locations/us-central1/operations/operation-1784051710961-65695e87e273c-502765ff-109d2dda 200
[debug] [2026-07-14T17:56:00.348Z] <<< [apiv2][body] GET https://cloudfunctions.googleapis.com/v2/projects/pruebas-80a12/locations/us-central1/operations/operation-1784051710961-65695e87e273c-502765ff-109d2dda {"name":"projects/pruebas-80a12/locations/us-central1/operations/operation-1784051710961-65695e87e273c-502765ff-109d2dda","metadata":{"@type":"type.googleapis.com/google.cloud.functions.v2.OperationMetadata","createTime":"2026-07-14T17:55:13.164650549Z","target":"projects/pruebas-80a12/locations/us-central1/functions/chatSeguros","verb":"create","cancelRequested":false,"apiVersion":"v2","requestResource":{"@type":"type.googleapis.com/google.cloud.functions.v2.Function","name":"projects/pruebas-80a12/locations/us-central1/functions/chatSeguros","buildConfig":{"runtime":"nodejs20","entryPoint":"chatSeguros","source":{"storageSource":{"bucket":"gcf-v2-sources-337416174160-us-central1","object":"chatSeguros/function-source.zip","generation":"1784051711788821"}},"environmentVariables":{"GOOGLE_NODE_RUN_SCRIPTS":""},"serviceAccount":"projects/pruebas-80a12/serviceAccounts/337416174160-compute@developer.gserviceaccount.com","automaticUpdatePolicy":{}},"serviceConfig":{"service":"projects/pruebas-80a12/locations/us-central1/services/chatseguros","timeoutSeconds":60,"environmentVariables":{"FIREBASE_CONFIG":"{\"projectId\":\"pruebas-80a12\",\"storageBucket\":\"pruebas-80a12.firebasestorage.app\"}","GCLOUD_PROJECT":"pruebas-80a12","EVENTARC_CLOUD_EVENT_SOURCE":"projects/pruebas-80a12/locations/us-central1/services/chatSeguros","FUNCTION_TARGET":"chatSeguros","LOG_EXECUTION_ID":"true"},"ingressSettings":"ALLOW_ALL","serviceAccountEmail":"337416174160-compute@developer.gserviceaccount.com","availableMemory":"256Mi","secretEnvironmentVariables":[{"key":"GEMINI_API_KEY","projectId":"pruebas-80a12","secret":"GEMINI_API_KEY","version":"2"}],"maxInstanceRequestConcurrency":80,"availableCpu":"1"},"labels":{"deployment-tool":"cli-firebase","deployment-callable":"true","firebase-functions-hash":"826b351ca918c458745cda6f29b3677fe47cd488"},"environment":"GEN_2"},"stages":[{"name":"BUILD","message":"Build in progress","state":"IN_PROGRESS","resource":"projects/337416174160/locations/us-central1/builds/e2229238-dd12-406f-97d5-4eb7db86d536","resourceUri":"https://console.cloud.google.com/cloud-build/builds;region=us-central1/e2229238-dd12-406f-97d5-4eb7db86d536?project=337416174160"},{"name":"SERVICE","state":"NOT_STARTED"}],"operationType":"CREATE_FUNCTION","buildName":"projects/337416174160/locations/us-central1/builds/e2229238-dd12-406f-97d5-4eb7db86d536"},"done":false}
[debug] [2026-07-14T17:56:10.358Z] [create-default-us-central1-chatSeguros] Retrying task index 0
[debug] [2026-07-14T17:56:10.358Z] Checked if tokens are valid: true, expires at: 1784054156915
[debug] [2026-07-14T17:56:10.358Z] Checked if tokens are valid: true, expires at: 1784054156915
[debug] [2026-07-14T17:56:10.358Z] >>> [apiv2][query] GET https://cloudfunctions.googleapis.com/v2/projects/pruebas-80a12/locations/us-central1/operations/operation-1784051710961-65695e87e273c-502765ff-109d2dda [none]
[debug] [2026-07-14T17:56:10.580Z] <<< [apiv2][status] GET https://cloudfunctions.googleapis.com/v2/projects/pruebas-80a12/locations/us-central1/operations/operation-1784051710961-65695e87e273c-502765ff-109d2dda 200
[debug] [2026-07-14T17:56:10.580Z] <<< [apiv2][body] GET https://cloudfunctions.googleapis.com/v2/projects/pruebas-80a12/locations/us-central1/operations/operation-1784051710961-65695e87e273c-502765ff-109d2dda {"name":"projects/pruebas-80a12/locations/us-central1/operations/operation-1784051710961-65695e87e273c-502765ff-109d2dda","metadata":{"@type":"type.googleapis.com/google.cloud.functions.v2.OperationMetadata","createTime":"2026-07-14T17:55:13.164650549Z","target":"projects/pruebas-80a12/locations/us-central1/functions/chatSeguros","verb":"create","cancelRequested":false,"apiVersion":"v2","requestResource":{"@type":"type.googleapis.com/google.cloud.functions.v2.Function","name":"projects/pruebas-80a12/locations/us-central1/functions/chatSeguros","buildConfig":{"runtime":"nodejs20","entryPoint":"chatSeguros","source":{"storageSource":{"bucket":"gcf-v2-sources-337416174160-us-central1","object":"chatSeguros/function-source.zip","generation":"1784051711788821"}},"environmentVariables":{"GOOGLE_NODE_RUN_SCRIPTS":""},"serviceAccount":"projects/pruebas-80a12/serviceAccounts/337416174160-compute@developer.gserviceaccount.com","automaticUpdatePolicy":{}},"serviceConfig":{"service":"projects/pruebas-80a12/locations/us-central1/services/chatseguros","timeoutSeconds":60,"environmentVariables":{"FIREBASE_CONFIG":"{\"projectId\":\"pruebas-80a12\",\"storageBucket\":\"pruebas-80a12.firebasestorage.app\"}","GCLOUD_PROJECT":"pruebas-80a12","EVENTARC_CLOUD_EVENT_SOURCE":"projects/pruebas-80a12/locations/us-central1/services/chatSeguros","FUNCTION_TARGET":"chatSeguros","LOG_EXECUTION_ID":"true"},"ingressSettings":"ALLOW_ALL","serviceAccountEmail":"337416174160-compute@developer.gserviceaccount.com","availableMemory":"256Mi","secretEnvironmentVariables":[{"key":"GEMINI_API_KEY","projectId":"pruebas-80a12","secret":"GEMINI_API_KEY","version":"2"}],"maxInstanceRequestConcurrency":80,"availableCpu":"1"},"labels":{"deployment-tool":"cli-firebase","deployment-callable":"true","firebase-functions-hash":"826b351ca918c458745cda6f29b3677fe47cd488"},"environment":"GEN_2"},"stages":[{"name":"BUILD","message":"Build finished","state":"COMPLETE","resource":"projects/337416174160/locations/us-central1/builds/e2229238-dd12-406f-97d5-4eb7db86d536","resourceUri":"https://console.cloud.google.com/cloud-build/builds;region=us-central1/e2229238-dd12-406f-97d5-4eb7db86d536?project=337416174160"},{"name":"SERVICE","message":"Creating Cloud Run service","state":"IN_PROGRESS","resource":"projects/pruebas-80a12/locations/us-central1/services/chatseguros","resourceUri":"https://console.cloud.google.com/run/detail/us-central1/chatseguros?project=pruebas-80a12"}],"sourceToken":"Cldwcm9qZWN0cy8zMzc0MTYxNzQxNjAvbG9jYXRpb25zL3VzLWNlbnRyYWwxL2J1aWxkcy9lMjIyOTIzOC1kZDEyLTQwNmYtOTdkNS00ZWI3ZGI4NmQ1MzYSa3VzLWNlbnRyYWwxLWRvY2tlci5wa2cuZGV2L3BydWViYXMtODBhMTIvZ2NmLWFydGlmYWN0cy9wcnVlYmFzLS04MGExMl9fdXMtLWNlbnRyYWwxX19jaGF0X3NlZ3Vyb3M6dmVyc2lvbl8xGND0yPzoCSJCcHJvamVjdHMvcHJ1ZWJhcy04MGExMi9sb2NhdGlvbnMvdXMtY2VudHJhbDEvZnVuY3Rpb25zL2NoYXRTZWd1cm9zKgsIuPDZ0gYQwL+yCzIIbm9kZWpzMjA6dgojZ2NyLmlvL2dhZS1ydW50aW1lcy9ub2RlanMyMDpzdGFibGUST3VzLWNlbnRyYWwxLWRvY2tlci5wa2cuZGV2L3NlcnZlcmxlc3MtcnVudGltZXMvZ29vZ2xlLTIyLWZ1bGwvcnVudGltZXMvbm9kZWpzMjBAAQ==","operationType":"CREATE_FUNCTION","buildName":"projects/337416174160/locations/us-central1/builds/e2229238-dd12-406f-97d5-4eb7db86d536"},"done":false}
[debug] [2026-07-14T17:56:10.580Z] Got source token Cldwcm9qZWN0cy8zMzc0MTYxNzQxNjAvbG9jYXRpb25zL3VzLWNlbnRyYWwxL2J1aWxkcy9lMjIyOTIzOC1kZDEyLTQwNmYtOTdkNS00ZWI3ZGI4NmQ1MzYSa3VzLWNlbnRyYWwxLWRvY2tlci5wa2cuZGV2L3BydWViYXMtODBhMTIvZ2NmLWFydGlmYWN0cy9wcnVlYmFzLS04MGExMl9fdXMtLWNlbnRyYWwxX19jaGF0X3NlZ3Vyb3M6dmVyc2lvbl8xGND0yPzoCSJCcHJvamVjdHMvcHJ1ZWJhcy04MGExMi9sb2NhdGlvbnMvdXMtY2VudHJhbDEvZnVuY3Rpb25zL2NoYXRTZWd1cm9zKgsIuPDZ0gYQwL+yCzIIbm9kZWpzMjA6dgojZ2NyLmlvL2dhZS1ydW50aW1lcy9ub2RlanMyMDpzdGFibGUST3VzLWNlbnRyYWwxLWRvY2tlci5wa2cuZGV2L3NlcnZlcmxlc3MtcnVudGltZXMvZ29vZ2xlLTIyLWZ1bGwvcnVudGltZXMvbm9kZWpzMjBAAQ== for region us-central1
[debug] [2026-07-14T17:56:20.592Z] [create-default-us-central1-chatSeguros] Retrying task index 0
[debug] [2026-07-14T17:56:20.592Z] Checked if tokens are valid: true, expires at: 1784054156915
[debug] [2026-07-14T17:56:20.592Z] Checked if tokens are valid: true, expires at: 1784054156915
[debug] [2026-07-14T17:56:20.592Z] >>> [apiv2][query] GET https://cloudfunctions.googleapis.com/v2/projects/pruebas-80a12/locations/us-central1/operations/operation-1784051710961-65695e87e273c-502765ff-109d2dda [none]
[debug] [2026-07-14T17:56:20.810Z] <<< [apiv2][status] GET https://cloudfunctions.googleapis.com/v2/projects/pruebas-80a12/locations/us-central1/operations/operation-1784051710961-65695e87e273c-502765ff-109d2dda 200
[debug] [2026-07-14T17:56:20.810Z] <<< [apiv2][body] GET https://cloudfunctions.googleapis.com/v2/projects/pruebas-80a12/locations/us-central1/operations/operation-1784051710961-65695e87e273c-502765ff-109d2dda {"name":"projects/pruebas-80a12/locations/us-central1/operations/operation-1784051710961-65695e87e273c-502765ff-109d2dda","metadata":{"@type":"type.googleapis.com/google.cloud.functions.v2.OperationMetadata","createTime":"2026-07-14T17:55:13.164650549Z","target":"projects/pruebas-80a12/locations/us-central1/functions/chatSeguros","verb":"create","cancelRequested":false,"apiVersion":"v2","requestResource":{"@type":"type.googleapis.com/google.cloud.functions.v2.Function","name":"projects/pruebas-80a12/locations/us-central1/functions/chatSeguros","buildConfig":{"runtime":"nodejs20","entryPoint":"chatSeguros","source":{"storageSource":{"bucket":"gcf-v2-sources-337416174160-us-central1","object":"chatSeguros/function-source.zip","generation":"1784051711788821"}},"environmentVariables":{"GOOGLE_NODE_RUN_SCRIPTS":""},"serviceAccount":"projects/pruebas-80a12/serviceAccounts/337416174160-compute@developer.gserviceaccount.com","automaticUpdatePolicy":{}},"serviceConfig":{"service":"projects/pruebas-80a12/locations/us-central1/services/chatseguros","timeoutSeconds":60,"environmentVariables":{"FIREBASE_CONFIG":"{\"projectId\":\"pruebas-80a12\",\"storageBucket\":\"pruebas-80a12.firebasestorage.app\"}","GCLOUD_PROJECT":"pruebas-80a12","EVENTARC_CLOUD_EVENT_SOURCE":"projects/pruebas-80a12/locations/us-central1/services/chatSeguros","FUNCTION_TARGET":"chatSeguros","LOG_EXECUTION_ID":"true"},"ingressSettings":"ALLOW_ALL","serviceAccountEmail":"337416174160-compute@developer.gserviceaccount.com","availableMemory":"256Mi","secretEnvironmentVariables":[{"key":"GEMINI_API_KEY","projectId":"pruebas-80a12","secret":"GEMINI_API_KEY","version":"2"}],"maxInstanceRequestConcurrency":80,"availableCpu":"1"},"labels":{"deployment-tool":"cli-firebase","deployment-callable":"true","firebase-functions-hash":"826b351ca918c458745cda6f29b3677fe47cd488"},"environment":"GEN_2"},"stages":[{"name":"BUILD","message":"Build finished","state":"COMPLETE","resource":"projects/337416174160/locations/us-central1/builds/e2229238-dd12-406f-97d5-4eb7db86d536","resourceUri":"https://console.cloud.google.com/cloud-build/builds;region=us-central1/e2229238-dd12-406f-97d5-4eb7db86d536?project=337416174160"},{"name":"SERVICE","message":"Creating Cloud Run service","state":"IN_PROGRESS","resource":"projects/pruebas-80a12/locations/us-central1/services/chatseguros","resourceUri":"https://console.cloud.google.com/run/detail/us-central1/chatseguros?project=pruebas-80a12"}],"sourceToken":"Cldwcm9qZWN0cy8zMzc0MTYxNzQxNjAvbG9jYXRpb25zL3VzLWNlbnRyYWwxL2J1aWxkcy9lMjIyOTIzOC1kZDEyLTQwNmYtOTdkNS00ZWI3ZGI4NmQ1MzYSa3VzLWNlbnRyYWwxLWRvY2tlci5wa2cuZGV2L3BydWViYXMtODBhMTIvZ2NmLWFydGlmYWN0cy9wcnVlYmFzLS04MGExMl9fdXMtLWNlbnRyYWwxX19jaGF0X3NlZ3Vyb3M6dmVyc2lvbl8xGND0yPzoCSJCcHJvamVjdHMvcHJ1ZWJhcy04MGExMi9sb2NhdGlvbnMvdXMtY2VudHJhbDEvZnVuY3Rpb25zL2NoYXRTZWd1cm9zKgsIuPDZ0gYQwL+yCzIIbm9kZWpzMjA6dgojZ2NyLmlvL2dhZS1ydW50aW1lcy9ub2RlanMyMDpzdGFibGUST3VzLWNlbnRyYWwxLWRvY2tlci5wa2cuZGV2L3NlcnZlcmxlc3MtcnVudGltZXMvZ29vZ2xlLTIyLWZ1bGwvcnVudGltZXMvbm9kZWpzMjBAAQ==","operationType":"CREATE_FUNCTION","buildName":"projects/337416174160/locations/us-central1/builds/e2229238-dd12-406f-97d5-4eb7db86d536"},"done":false}
[debug] [2026-07-14T17:56:20.811Z] Got source token Cldwcm9qZWN0cy8zMzc0MTYxNzQxNjAvbG9jYXRpb25zL3VzLWNlbnRyYWwxL2J1aWxkcy9lMjIyOTIzOC1kZDEyLTQwNmYtOTdkNS00ZWI3ZGI4NmQ1MzYSa3VzLWNlbnRyYWwxLWRvY2tlci5wa2cuZGV2L3BydWViYXMtODBhMTIvZ2NmLWFydGlmYWN0cy9wcnVlYmFzLS04MGExMl9fdXMtLWNlbnRyYWwxX19jaGF0X3NlZ3Vyb3M6dmVyc2lvbl8xGND0yPzoCSJCcHJvamVjdHMvcHJ1ZWJhcy04MGExMi9sb2NhdGlvbnMvdXMtY2VudHJhbDEvZnVuY3Rpb25zL2NoYXRTZWd1cm9zKgsIuPDZ0gYQwL+yCzIIbm9kZWpzMjA6dgojZ2NyLmlvL2dhZS1ydW50aW1lcy9ub2RlanMyMDpzdGFibGUST3VzLWNlbnRyYWwxLWRvY2tlci5wa2cuZGV2L3NlcnZlcmxlc3MtcnVudGltZXMvZ29vZ2xlLTIyLWZ1bGwvcnVudGltZXMvbm9kZWpzMjBAAQ== for region us-central1
[debug] [2026-07-14T17:56:30.819Z] [create-default-us-central1-chatSeguros] Retrying task index 0
[debug] [2026-07-14T17:56:30.819Z] Checked if tokens are valid: true, expires at: 1784054156915
[debug] [2026-07-14T17:56:30.819Z] Checked if tokens are valid: true, expires at: 1784054156915
[debug] [2026-07-14T17:56:30.819Z] >>> [apiv2][query] GET https://cloudfunctions.googleapis.com/v2/projects/pruebas-80a12/locations/us-central1/operations/operation-1784051710961-65695e87e273c-502765ff-109d2dda [none]
[debug] [2026-07-14T17:56:31.096Z] <<< [apiv2][status] GET https://cloudfunctions.googleapis.com/v2/projects/pruebas-80a12/locations/us-central1/operations/operation-1784051710961-65695e87e273c-502765ff-109d2dda 200
[debug] [2026-07-14T17:56:31.096Z] <<< [apiv2][body] GET https://cloudfunctions.googleapis.com/v2/projects/pruebas-80a12/locations/us-central1/operations/operation-1784051710961-65695e87e273c-502765ff-109d2dda {"name":"projects/pruebas-80a12/locations/us-central1/operations/operation-1784051710961-65695e87e273c-502765ff-109d2dda","metadata":{"@type":"type.googleapis.com/google.cloud.functions.v2.OperationMetadata","createTime":"2026-07-14T17:55:13.164650549Z","target":"projects/pruebas-80a12/locations/us-central1/functions/chatSeguros","verb":"create","cancelRequested":false,"apiVersion":"v2","requestResource":{"@type":"type.googleapis.com/google.cloud.functions.v2.Function","name":"projects/pruebas-80a12/locations/us-central1/functions/chatSeguros","buildConfig":{"runtime":"nodejs20","entryPoint":"chatSeguros","source":{"storageSource":{"bucket":"gcf-v2-sources-337416174160-us-central1","object":"chatSeguros/function-source.zip","generation":"1784051711788821"}},"environmentVariables":{"GOOGLE_NODE_RUN_SCRIPTS":""},"serviceAccount":"projects/pruebas-80a12/serviceAccounts/337416174160-compute@developer.gserviceaccount.com","automaticUpdatePolicy":{}},"serviceConfig":{"service":"projects/pruebas-80a12/locations/us-central1/services/chatseguros","timeoutSeconds":60,"environmentVariables":{"FIREBASE_CONFIG":"{\"projectId\":\"pruebas-80a12\",\"storageBucket\":\"pruebas-80a12.firebasestorage.app\"}","GCLOUD_PROJECT":"pruebas-80a12","EVENTARC_CLOUD_EVENT_SOURCE":"projects/pruebas-80a12/locations/us-central1/services/chatSeguros","FUNCTION_TARGET":"chatSeguros","LOG_EXECUTION_ID":"true"},"ingressSettings":"ALLOW_ALL","serviceAccountEmail":"337416174160-compute@developer.gserviceaccount.com","availableMemory":"256Mi","secretEnvironmentVariables":[{"key":"GEMINI_API_KEY","projectId":"pruebas-80a12","secret":"GEMINI_API_KEY","version":"2"}],"maxInstanceRequestConcurrency":80,"availableCpu":"1"},"labels":{"deployment-tool":"cli-firebase","deployment-callable":"true","firebase-functions-hash":"826b351ca918c458745cda6f29b3677fe47cd488"},"environment":"GEN_2"},"stages":[{"name":"BUILD","message":"Build finished","state":"COMPLETE","resource":"projects/337416174160/locations/us-central1/builds/e2229238-dd12-406f-97d5-4eb7db86d536","resourceUri":"https://console.cloud.google.com/cloud-build/builds;region=us-central1/e2229238-dd12-406f-97d5-4eb7db86d536?project=337416174160"},{"name":"SERVICE","message":"Creating Cloud Run service","state":"IN_PROGRESS","resource":"projects/pruebas-80a12/locations/us-central1/services/chatseguros","resourceUri":"https://console.cloud.google.com/run/detail/us-central1/chatseguros?project=pruebas-80a12"}],"sourceToken":"Cldwcm9qZWN0cy8zMzc0MTYxNzQxNjAvbG9jYXRpb25zL3VzLWNlbnRyYWwxL2J1aWxkcy9lMjIyOTIzOC1kZDEyLTQwNmYtOTdkNS00ZWI3ZGI4NmQ1MzYSa3VzLWNlbnRyYWwxLWRvY2tlci5wa2cuZGV2L3BydWViYXMtODBhMTIvZ2NmLWFydGlmYWN0cy9wcnVlYmFzLS04MGExMl9fdXMtLWNlbnRyYWwxX19jaGF0X3NlZ3Vyb3M6dmVyc2lvbl8xGND0yPzoCSJCcHJvamVjdHMvcHJ1ZWJhcy04MGExMi9sb2NhdGlvbnMvdXMtY2VudHJhbDEvZnVuY3Rpb25zL2NoYXRTZWd1cm9zKgsIuPDZ0gYQwL+yCzIIbm9kZWpzMjA6dgojZ2NyLmlvL2dhZS1ydW50aW1lcy9ub2RlanMyMDpzdGFibGUST3VzLWNlbnRyYWwxLWRvY2tlci5wa2cuZGV2L3NlcnZlcmxlc3MtcnVudGltZXMvZ29vZ2xlLTIyLWZ1bGwvcnVudGltZXMvbm9kZWpzMjBAAQ==","operationType":"CREATE_FUNCTION","buildName":"projects/337416174160/locations/us-central1/builds/e2229238-dd12-406f-97d5-4eb7db86d536"},"done":false}
[debug] [2026-07-14T17:56:31.096Z] Got source token Cldwcm9qZWN0cy8zMzc0MTYxNzQxNjAvbG9jYXRpb25zL3VzLWNlbnRyYWwxL2J1aWxkcy9lMjIyOTIzOC1kZDEyLTQwNmYtOTdkNS00ZWI3ZGI4NmQ1MzYSa3VzLWNlbnRyYWwxLWRvY2tlci5wa2cuZGV2L3BydWViYXMtODBhMTIvZ2NmLWFydGlmYWN0cy9wcnVlYmFzLS04MGExMl9fdXMtLWNlbnRyYWwxX19jaGF0X3NlZ3Vyb3M6dmVyc2lvbl8xGND0yPzoCSJCcHJvamVjdHMvcHJ1ZWJhcy04MGExMi9sb2NhdGlvbnMvdXMtY2VudHJhbDEvZnVuY3Rpb25zL2NoYXRTZWd1cm9zKgsIuPDZ0gYQwL+yCzIIbm9kZWpzMjA6dgojZ2NyLmlvL2dhZS1ydW50aW1lcy9ub2RlanMyMDpzdGFibGUST3VzLWNlbnRyYWwxLWRvY2tlci5wa2cuZGV2L3NlcnZlcmxlc3MtcnVudGltZXMvZ29vZ2xlLTIyLWZ1bGwvcnVudGltZXMvbm9kZWpzMjBAAQ== for region us-central1
[debug] [2026-07-14T17:56:41.098Z] [create-default-us-central1-chatSeguros] Retrying task index 0
[debug] [2026-07-14T17:56:41.099Z] Checked if tokens are valid: true, expires at: 1784054156915
[debug] [2026-07-14T17:56:41.099Z] Checked if tokens are valid: true, expires at: 1784054156915
[debug] [2026-07-14T17:56:41.100Z] >>> [apiv2][query] GET https://cloudfunctions.googleapis.com/v2/projects/pruebas-80a12/locations/us-central1/operations/operation-1784051710961-65695e87e273c-502765ff-109d2dda [none]
[debug] [2026-07-14T17:56:41.407Z] <<< [apiv2][status] GET https://cloudfunctions.googleapis.com/v2/projects/pruebas-80a12/locations/us-central1/operations/operation-1784051710961-65695e87e273c-502765ff-109d2dda 200
[debug] [2026-07-14T17:56:41.407Z] <<< [apiv2][body] GET https://cloudfunctions.googleapis.com/v2/projects/pruebas-80a12/locations/us-central1/operations/operation-1784051710961-65695e87e273c-502765ff-109d2dda {"name":"projects/pruebas-80a12/locations/us-central1/operations/operation-1784051710961-65695e87e273c-502765ff-109d2dda","metadata":{"@type":"type.googleapis.com/google.cloud.functions.v2.OperationMetadata","createTime":"2026-07-14T17:55:13.164650549Z","endTime":"2026-07-14T17:56:34.987761245Z","target":"projects/pruebas-80a12/locations/us-central1/functions/chatSeguros","verb":"create","cancelRequested":false,"apiVersion":"v2","requestResource":{"@type":"type.googleapis.com/google.cloud.functions.v2.Function","name":"projects/pruebas-80a12/locations/us-central1/functions/chatSeguros","buildConfig":{"runtime":"nodejs20","entryPoint":"chatSeguros","source":{"storageSource":{"bucket":"gcf-v2-sources-337416174160-us-central1","object":"chatSeguros/function-source.zip","generation":"1784051711788821"}},"environmentVariables":{"GOOGLE_NODE_RUN_SCRIPTS":""},"serviceAccount":"projects/pruebas-80a12/serviceAccounts/337416174160-compute@developer.gserviceaccount.com","automaticUpdatePolicy":{}},"serviceConfig":{"service":"projects/pruebas-80a12/locations/us-central1/services/chatseguros","timeoutSeconds":60,"environmentVariables":{"FIREBASE_CONFIG":"{\"projectId\":\"pruebas-80a12\",\"storageBucket\":\"pruebas-80a12.firebasestorage.app\"}","GCLOUD_PROJECT":"pruebas-80a12","EVENTARC_CLOUD_EVENT_SOURCE":"projects/pruebas-80a12/locations/us-central1/services/chatSeguros","FUNCTION_TARGET":"chatSeguros","LOG_EXECUTION_ID":"true"},"ingressSettings":"ALLOW_ALL","serviceAccountEmail":"337416174160-compute@developer.gserviceaccount.com","availableMemory":"256Mi","secretEnvironmentVariables":[{"key":"GEMINI_API_KEY","projectId":"pruebas-80a12","secret":"GEMINI_API_KEY","version":"2"}],"maxInstanceRequestConcurrency":80,"availableCpu":"1"},"labels":{"deployment-tool":"cli-firebase","deployment-callable":"true","firebase-functions-hash":"826b351ca918c458745cda6f29b3677fe47cd488"},"environment":"GEN_2"},"stages":[{"name":"BUILD","message":"Build finished","state":"COMPLETE","resource":"projects/337416174160/locations/us-central1/builds/e2229238-dd12-406f-97d5-4eb7db86d536","resourceUri":"https://console.cloud.google.com/cloud-build/builds;region=us-central1/e2229238-dd12-406f-97d5-4eb7db86d536?project=337416174160"},{"name":"SERVICE","message":"Creating Cloud Run service","state":"COMPLETE","resource":"projects/pruebas-80a12/locations/us-central1/services/chatseguros","resourceUri":"https://console.cloud.google.com/run/detail/us-central1/chatseguros?project=pruebas-80a12"}],"sourceToken":"Cldwcm9qZWN0cy8zMzc0MTYxNzQxNjAvbG9jYXRpb25zL3VzLWNlbnRyYWwxL2J1aWxkcy9lMjIyOTIzOC1kZDEyLTQwNmYtOTdkNS00ZWI3ZGI4NmQ1MzYSa3VzLWNlbnRyYWwxLWRvY2tlci5wa2cuZGV2L3BydWViYXMtODBhMTIvZ2NmLWFydGlmYWN0cy9wcnVlYmFzLS04MGExMl9fdXMtLWNlbnRyYWwxX19jaGF0X3NlZ3Vyb3M6dmVyc2lvbl8xGND0yPzoCSJCcHJvamVjdHMvcHJ1ZWJhcy04MGExMi9sb2NhdGlvbnMvdXMtY2VudHJhbDEvZnVuY3Rpb25zL2NoYXRTZWd1cm9zKgsIuPDZ0gYQwL+yCzIIbm9kZWpzMjA6dgojZ2NyLmlvL2dhZS1ydW50aW1lcy9ub2RlanMyMDpzdGFibGUST3VzLWNlbnRyYWwxLWRvY2tlci5wa2cuZGV2L3NlcnZlcmxlc3MtcnVudGltZXMvZ29vZ2xlLTIyLWZ1bGwvcnVudGltZXMvbm9kZWpzMjBAAQ==","operationType":"CREATE_FUNCTION","buildName":"projects/337416174160/locations/us-central1/builds/e2229238-dd12-406f-97d5-4eb7db86d536"},"done":true,"response":{"@type":"type.googleapis.com/google.cloud.functions.v2.Function","name":"projects/pruebas-80a12/locations/us-central1/functions/chatSeguros","buildConfig":{"build":"projects/337416174160/locations/us-central1/builds/e2229238-dd12-406f-97d5-4eb7db86d536","runtime":"nodejs20","entryPoint":"chatSeguros","source":{"storageSource":{"bucket":"gcf-v2-sources-337416174160-us-central1","object":"chatSeguros/function-source.zip","generation":"1784051711788821"}},"environmentVariables":{"GOOGLE_NODE_RUN_SCRIPTS":""},"dockerRepository":"projects/pruebas-80a12/locations/us-central1/repositories/gcf-artifacts","sourceProvenance":{"resolvedStorageSource":{"bucket":"gcf-v2-sources-337416174160-us-central1","object":"chatSeguros/function-source.zip","generation":"1784051711788821"}},"dockerRegistry":"ARTIFACT_REGISTRY","serviceAccount":"projects/pruebas-80a12/serviceAccounts/337416174160-compute@developer.gserviceaccount.com","automaticUpdatePolicy":{}},"serviceConfig":{"service":"projects/pruebas-80a12/locations/us-central1/services/chatseguros","timeoutSeconds":60,"environmentVariables":{"FIREBASE_CONFIG":"{\"projectId\":\"pruebas-80a12\",\"storageBucket\":\"pruebas-80a12.firebasestorage.app\"}","GCLOUD_PROJECT":"pruebas-80a12","EVENTARC_CLOUD_EVENT_SOURCE":"projects/pruebas-80a12/locations/us-central1/services/chatSeguros","FUNCTION_TARGET":"chatSeguros","LOG_EXECUTION_ID":"true"},"ingressSettings":"ALLOW_ALL","uri":"https://chatseguros-aziuspobkq-uc.a.run.app","serviceAccountEmail":"337416174160-compute@developer.gserviceaccount.com","availableMemory":"256Mi","allTrafficOnLatestRevision":true,"secretEnvironmentVariables":[{"key":"GEMINI_API_KEY","projectId":"pruebas-80a12","secret":"GEMINI_API_KEY","version":"2"}],"revision":"chatseguros-00001-fug","maxInstanceRequestConcurrency":80,"availableCpu":"1"},"state":"ACTIVE","updateTime":"2026-07-14T17:55:13.158801900Z","labels":{"deployment-tool":"cli-firebase","deployment-callable":"true","firebase-functions-hash":"826b351ca918c458745cda6f29b3677fe47cd488"},"environment":"GEN_2","url":"https://us-central1-pruebas-80a12.cloudfunctions.net/chatSeguros","createTime":"2026-07-14T17:55:13.158801900Z","satisfiesPzi":true}}
[debug] [2026-07-14T17:56:41.407Z] Got source token Cldwcm9qZWN0cy8zMzc0MTYxNzQxNjAvbG9jYXRpb25zL3VzLWNlbnRyYWwxL2J1aWxkcy9lMjIyOTIzOC1kZDEyLTQwNmYtOTdkNS00ZWI3ZGI4NmQ1MzYSa3VzLWNlbnRyYWwxLWRvY2tlci5wa2cuZGV2L3BydWViYXMtODBhMTIvZ2NmLWFydGlmYWN0cy9wcnVlYmFzLS04MGExMl9fdXMtLWNlbnRyYWwxX19jaGF0X3NlZ3Vyb3M6dmVyc2lvbl8xGND0yPzoCSJCcHJvamVjdHMvcHJ1ZWJhcy04MGExMi9sb2NhdGlvbnMvdXMtY2VudHJhbDEvZnVuY3Rpb25zL2NoYXRTZWd1cm9zKgsIuPDZ0gYQwL+yCzIIbm9kZWpzMjA6dgojZ2NyLmlvL2dhZS1ydW50aW1lcy9ub2RlanMyMDpzdGFibGUST3VzLWNlbnRyYWwxLWRvY2tlci5wa2cuZGV2L3NlcnZlcmxlc3MtcnVudGltZXMvZ29vZ2xlLTIyLWZ1bGwvcnVudGltZXMvbm9kZWpzMjBAAQ== for region us-central1
[debug] [2026-07-14T17:56:41.412Z] Checked if tokens are valid: true, expires at: 1784054156915
[debug] [2026-07-14T17:56:41.412Z] Checked if tokens are valid: true, expires at: 1784054156915
[debug] [2026-07-14T17:56:41.412Z] >>> [apiv2][query] POST https://run.googleapis.com/v1/projects/pruebas-80a12/locations/us-central1/services/chatseguros:setIamPolicy [none]
[debug] [2026-07-14T17:56:41.412Z] >>> [apiv2][body] POST https://run.googleapis.com/v1/projects/pruebas-80a12/locations/us-central1/services/chatseguros:setIamPolicy {"policy":{"bindings":[{"role":"roles/run.invoker","members":["allUsers"]}],"etag":"","version":3},"updateMask":"bindings,etag,version"}
[debug] [2026-07-14T17:56:42.107Z] <<< [apiv2][status] POST https://run.googleapis.com/v1/projects/pruebas-80a12/locations/us-central1/services/chatseguros:setIamPolicy 200
[debug] [2026-07-14T17:56:42.107Z] <<< [apiv2][body] POST https://run.googleapis.com/v1/projects/pruebas-80a12/locations/us-central1/services/chatseguros:setIamPolicy {"version":1,"etag":"BwZWle3uXjc=","bindings":[{"role":"roles/run.invoker","members":["allUsers"]}]}
[info] +  functions[chatSeguros(us-central1)] Successful create operation. 
[debug] [2026-07-14T17:56:42.112Z] Total Function Deployment time: 91381
[debug] [2026-07-14T17:56:42.112Z] 1 Functions Deployed
[debug] [2026-07-14T17:56:42.112Z] 0 Functions Errored
[debug] [2026-07-14T17:56:42.112Z] 0 Function Deployments Aborted
[debug] [2026-07-14T17:56:42.112Z] Average Function Deployment time: 91379
[debug] [2026-07-14T17:56:42.242Z] No lifecycle hook configured for event: afterFirstDeploy
[debug] [2026-07-14T17:56:42.243Z] Checked if tokens are valid: true, expires at: 1784054156915
[debug] [2026-07-14T17:56:42.243Z] Checked if tokens are valid: true, expires at: 1784054156915
[debug] [2026-07-14T17:56:42.243Z] >>> [apiv2][query] GET https://artifactregistry.googleapis.com/v1/projects/pruebas-80a12/locations/us-central1/repositories/gcf-artifacts [none]
[debug] [2026-07-14T17:56:42.540Z] <<< [apiv2][status] GET https://artifactregistry.googleapis.com/v1/projects/pruebas-80a12/locations/us-central1/repositories/gcf-artifacts 200
[debug] [2026-07-14T17:56:42.540Z] <<< [apiv2][body] GET https://artifactregistry.googleapis.com/v1/projects/pruebas-80a12/locations/us-central1/repositories/gcf-artifacts {"name":"projects/pruebas-80a12/locations/us-central1/repositories/gcf-artifacts","format":"DOCKER","description":"This repository is created and used by Cloud Functions for storing function docker images.","labels":{"goog-managed-by":"cloudfunctions"},"createTime":"2026-07-14T17:55:26.379714Z","updateTime":"2026-07-14T17:56:03.518588Z","mode":"STANDARD_REPOSITORY","sizeBytes":"88045884","vulnerabilityScanningConfig":{"lastEnableTime":"2026-07-14T17:55:13.397639705Z","enablementState":"SCANNING_DISABLED","enablementStateReason":"API containerscanning.googleapis.com is not enabled."},"satisfiesPzi":true,"registryUri":"us-central1-docker.pkg.dev/pruebas-80a12/gcf-artifacts"}
[warn] !  functions: No cleanup policy detected for repositories in us-central1. This may result in a small monthly bill as container images accumulate over time. 
